NAME,STATE_FIPS,CNTY_FIPS,FIPS,Join_Count,Annual_Oil,Annual_Gas,Prov_Cod_1
Lake of the Woods,27,77,27077,0,,,320
Ferry,53,19,53019,0,,,600
Stevens,53,65,53065,0,,,600
Okanogan,53,47,53047,0,,,600
Pend Oreille,53,51,53051,0,,,600
Boundary,16,21,16021,0,,,600
Lincoln,30,53,30053,0,,,610
Flathead,30,29,30029,0,,,505
Glacier,30,35,30035,729,246177,459424,503
Toole,30,101,30101,1609,161165,1827491,500
Liberty,30,51,30051,274,69916,745905,500
Hill,30,41,30041,504,548,2434632,500
Sheridan,30,91,30091,144,497525,216684,395
Divide,38,23,38023,760,5085275,8715287,395
Burke,38,13,38013,514,3299317,9089245,395
Renville,38,75,38075,228,439494,15678,395
Bottineau,38,9,38009,531,1216388,183884,395
Rolette,38,79,38079,0,,,395
Towner,38,95,38095,0,,,395
Cavalier,38,19,38019,0,,,395
Pembina,38,67,38067,0,,,395
Kittson,27,69,27069,0,,,395
Roseau,27,135,27135,0,,,320
Blaine,30,5,30005,701,201994,3007366,500
Phillips,30,71,30071,1498,0,7367453,510
Valley,30,105,30105,168,22863,758840,395
Daniels,30,19,30019,4,16939,0,395
Whatcom,53,73,53073,0,,,600
Bonner,16,17,16017,0,,,600
Ward,38,101,38101,6,15451,7843,395
Koochiching,27,71,27071,0,,,320
Skagit,53,57,53057,0,,,600
Williams,38,105,38105,3082,68879564,178510274,395
McHenry,38,49,38049,14,45134,0,395
St. Louis,27,137,27137,0,,,310
San Juan,53,55,53055,0,,,600
Roosevelt,30,85,30085,255,2577503,3374313,395
Mountrial,38,61,38061,3199,84131032,143869493,395
Marshall,27,89,27089,0,,,395
Ramsey,38,71,38071,0,,,395
Walsh,38,99,38099,0,,,395
Beltrami,27,7,27007,0,,,320
Pierce,38,69,38069,0,,,395
Chelan,53,7,53007,0,,,600
Pondera,30,73,30073,284,80956,61268,503
Clallam,53,9,53009,0,,,710
Benson,38,5,38005,0,,,395
Chouteau,30,15,30015,100,0,543470,500
Snohomish,53,61,53061,0,,,600
Island,53,29,53029,0,,,705
Sanders,30,89,30089,0,,,610
Lake,27,75,27075,0,,,320
Nelson,38,63,38063,0,,,395
Grand Forks,38,35,38035,0,,,395
Polk,27,119,27119,0,,,395
Pennington,27,113,27113,0,,,320
Douglas,53,17,53017,0,,,600
McKenzie,38,53,38053,5197,172548600,506926563,395
Jefferson,53,31,53031,0,,,710
Richland,30,83,30083,1152,8285026,13483649,395
Teton,30,99,30099,96,40619,3332,503
McCone,30,55,30055,5,435,0,395
Shoshone,16,79,16079,0,,,610
Spokane,53,63,53063,0,,,600
Lake,30,47,30047,0,,,505
Clearwater,27,29,27029,0,,,320
Kootenai,16,55,16055,0,,,610
Garfield,30,33,30033,5,4312,1300,510
Red Lake,27,125,27125,0,,,320
Grant,53,25,53025,0,,,600
Lincoln,53,43,53043,0,,,600
Lewis and Clark,30,49,30049,0,,,505
Kitsap,53,35,53035,0,,,705
Itasca,27,61,27061,0,,,320
Sheridan,38,83,38083,0,,,395
Wells,38,103,38103,0,,,395
McLean,38,55,38055,48,798920,617506,395
Eddy,38,27,38027,0,,,395
Dunn,38,25,38025,2658,86389148,121355243,395
Fergus,30,27,30027,5,0,8030,500
Dawson,30,21,30021,59,406924,234575,395
King,53,33,53033,0,,,600
Cascade,30,13,30013,0,,,505
Griggs,38,39,38039,0,,,395
Steele,38,91,38091,0,,,395
Traill,38,97,38097,0,,,395
Mason,53,45,53045,0,,,710
Missoula,30,63,30063,0,,,610
Petroleum,30,69,30069,27,12680,0,510
Powell,30,77,30077,0,,,505
Kittitas,53,37,53037,0,,,600
Foster,38,31,38031,0,,,395
Mercer,38,57,38057,0,,,395
Grays Harbor,53,27,53027,0,,,710
Norman,27,107,27107,0,,,395
Mahnomen,27,87,27087,0,,,320
Mineral,30,61,30061,0,,,610
Cass,27,21,27021,0,,,320
Aroostook,23,3,23003,0,,,100
Judith Basin,30,45,30045,0,,,505
Hubbard,27,57,27057,0,,,320
Benewah,16,9,16009,0,,,610
Wibaux,30,109,30109,92,299417,254612,395
Golden Valley,38,33,38033,69,466757,421298,395
Billings,38,7,38007,492,3573837,4918653,395
Stutsman,38,93,38093,0,,,395
Kidder,38,43,38043,0,,,395
Burleigh,38,15,38015,0,,,395
Pierce,53,53,53053,0,,,710
Oliver,38,65,38065,0,,,395
Adams,53,1,53001,0,,,605
Whitman,53,75,53075,0,,,610
Barnes,38,3,38003,0,,,395
Cass,38,17,38017,0,,,395
Prairie,30,79,30079,7,22016,3464,395
Becker,27,5,27005,0,,,320
Clay,27,27,27027,0,,,395
Thurston,53,67,53067,0,,,710
Latah,16,57,16057,0,,,610
Meagher,30,59,30059,0,,,505
Yakima,53,77,53077,0,,,710
Aitkin,27,1,27001,0,,,320
Stark,38,89,38089,277,2168534,5020811,395
Morton,38,59,38059,0,,,395
Bayfield,55,7,55007,0,,,310
Clearwater,16,35,16035,0,,,610
Custer,30,17,30017,4,0,1047,510
Rosebud,30,87,30087,69,97256,3245,510
Granite,30,39,30039,0,,,505
Wadena,27,159,27159,0,,,320
Crow Wing,27,35,27035,0,,,320
Pacific,53,49,53049,0,,,710
Lewis,53,41,53041,0,,,710
Broadwater,30,7,30007,0,,,505
Carlton,27,17,27017,0,,,310
Golden Valley,30,37,30037,3,0,13341,510
Douglas,55,31,55031,0,,,310
Musselshell,30,65,30065,55,69682,989,510
Wheatland,30,107,30107,0,,,505
Franklin,53,21,53021,0,,,605
Benton,53,5,53005,0,,,605
Grant,38,37,38037,0,,,395
Otter Tail,27,111,27111,0,,,320
Garfield,53,23,53023,0,,,605
Fallon,30,25,30025,1387,3023233,5794223,395
Idaho,16,49,16049,0,,,610
Ravalli,30,81,30081,0,,,610
Ashland,55,3,55003,0,,,310
Logan,38,47,38047,0,,,395
Emmons,38,29,38029,0,,,395
La Moure,38,45,38045,0,,,395
Slope,38,87,38087,17,272801,59183,395
Hettinger,38,41,38041,0,,,395
Ransom,38,73,38073,0,,,395
Richland,38,77,38077,0,,,395
Wilkin,27,167,27167,0,,,395
Nez Perce,16,69,16069,0,,,610
Columbia,53,13,53013,0,,,605
Walla Walla,53,71,53071,0,,,605
Iron,55,51,55051,0,,,310
Somerset,23,25,23025,0,,,100
Piscataquis,23,21,23021,0,,,100
Jefferson,30,43,30043,0,,,505
Yellowstone,30,111,30111,27,7092,98,510
Treasure,30,103,30103,0,,,510
Lewis,16,61,16061,0,,,610
Asotin,53,3,53003,0,,,605
Sioux,38,85,38085,0,,,395
Pine,27,115,27115,0,,,310
Penobscot,23,19,23019,0,,,100
Skamania,53,59,53059,0,,,710
Cowlitz,53,15,53015,0,,,710
Wahkiakum,53,69,53069,0,,,710
Todd,27,153,27153,0,,,320
Morrison,27,97,27097,0,,,320
McIntosh,38,51,38051,0,,,395
Dickey,38,21,38021,0,,,395
Sargent,38,81,38081,0,,,395
Bowman,38,11,38011,537,4444447,6757899,395
Adams,38,1,38001,0,,,395
Deer Lodge,30,23,30023,0,,,505
Mille Lacs,27,95,27095,0,,,320
Clatsop,41,7,41007,0,,,710
Sweet Grass,30,97,30097,2,0,7559,505
Gallatin,30,31,30031,0,,,505
Park,30,67,30067,0,,,505
Columbia,41,9,41009,10,0,320206,710
Silver Bow,30,93,30093,0,,,505
Washburn,55,129,55129,0,,,310
Sawyer,55,113,55113,0,,,310
Burnett,55,13,55013,0,,,310
Kanabec,27,65,27065,0,,,320
Carter,30,11,30011,1,9399,0,395
Stillwater,30,95,30095,18,19845,40314,505
Grant,27,51,27051,0,,,320
Douglas,27,41,27041,0,,,320
Clark,53,11,53011,0,,,710
Klickitat,53,39,53039,0,,,605
Big Horn,30,3,30003,128,37801,46961,510
Traverse,27,155,27155,0,,,395
Umatilla,41,59,41059,0,,,605
Wallowa,41,63,41063,0,,,610
Price,55,99,55099,0,,,310
Campbell,46,21,46021,0,,,395
Harding,46,63,46063,176,986319,4716825,395
McPherson,46,89,46089,0,,,395
Perkins,46,105,46105,0,,,395
Corson,46,31,46031,0,,,395
Brown,46,13,46013,0,,,395
Beaverhead,30,1,30001,0,,,610
Marshall,46,91,46091,0,,,395
Roberts,46,109,46109,0,,,395
Morrow,41,49,41049,0,,,605
Union,41,61,41061,0,,,605
Madison,30,57,30057,0,,,505
Benton,27,9,27009,0,,,320
Gilliam,41,21,41021,0,,,605
Powder River,30,75,30075,114,2386788,63824477,510
Stearns,27,145,27145,0,,,320
Tillamook,41,57,41057,0,,,710
Washington,41,67,41067,0,,,710
Pope,27,121,27121,0,,,320
Stevens,27,149,27149,0,,,320
Isanti,27,59,27059,0,,,320
Chisago,27,25,27025,0,,,310
Sherman,41,55,41055,0,,,605
Polk,55,95,55095,0,,,310
Multnomah,41,51,41051,0,,,710
Hood River,41,27,41027,0,,,710
Wasco,41,65,41065,0,,,710
Lemhi,16,59,16059,0,,,610
Washington,23,29,23029,0,,,100
Franklin,23,7,23007,0,,,100
Barron,55,5,55005,0,,,310
Rusk,55,107,55107,0,,,310
Carbon,30,9,30009,89,312666,1216751,505
Walworth,46,129,46129,0,,,395
Edmunds,46,45,46045,0,,,395
Day,46,37,46037,0,,,320
Big Stone,27,11,27011,0,,,320
Sherburne,27,141,27141,0,,,320
Ziebach,46,137,46137,0,,,395
Dewey,46,41,46041,0,,,395
Clackamas,41,5,41005,0,,,710
Wright,27,171,27171,0,,,320
Yamhill,41,71,41071,0,,,710
Anoka,27,3,27003,0,,,320
Kandiyohi,27,67,27067,0,,,320
Swift,27,151,27151,0,,,320
Taylor,55,119,55119,0,,,310
Oxford,23,17,23017,0,,,100
Grant,46,51,46051,0,,,320
Meeker,27,93,27093,0,,,320
Coos,33,7,33007,0,,,100
Washington,27,163,27163,0,,,310
Chippewa,55,17,55017,0,,,310
Marion,41,47,41047,0,,,710
Lac Qui Parle,27,73,27073,0,,,320
Adams,16,3,16003,0,,,610
Potter,46,107,46107,0,,,395
Faulk,46,49,46049,0,,,395
Hennepin,27,53,27053,0,,,320
Spink,46,115,46115,0,,,395
St. Croix,55,109,55109,0,,,310
Dunn,55,33,55033,0,,,310
Butte,46,19,46019,0,,,395
Valley,16,85,16085,0,,,610
Clark,46,25,46025,0,,,320
Codington,46,29,46029,0,,,320
Chippewa,27,23,27023,0,,,320
Ramsey,27,123,27123,0,,,320
Yellowstone National Park (Part),30,113,30113,0,,,505
Baker,41,1,41001,0,,,605
Polk,41,53,41053,0,,,710
Wheeler,41,69,41069,0,,,605
Meade,46,93,46093,0,,,395
Lincoln,41,41,41041,0,,,710
Clark,55,19,55019,0,,,310
Essex,50,9,50009,0,,,100
Grand Isle,50,13,50013,0,,,100
Franklin,50,11,50011,0,,,100
Orleans,50,19,50019,0,,,100
Clinton,36,19,36019,0,,,100
Park,56,29,56029,1168,4524274,5976554,505
Crook,56,11,56011,382,754648,20461,395
Big Horn,56,3,56003,406,1123124,1079151,515
Campbell,56,5,56005,3540,19608430,84809582,515
Sheridan,56,33,56033,310,7749,891248,515
Franklin,36,33,36033,0,,,110
Grant,41,23,41023,0,,,605
McLeod,27,85,27085,0,,,320
Carver,27,19,27019,0,,,320
Deuel,46,39,46039,0,,,320
Dakota,27,37,27037,0,,,310
Yellow Medicine,27,173,27173,0,,,320
Sully,46,119,46119,0,,,395
Hyde,46,69,46069,0,,,395
Hand,46,59,46059,0,,,320
Renville,27,129,27129,0,,,320
Pierce,55,93,55093,0,,,310
Custer,16,37,16037,0,,,610
Eau Claire,55,35,55035,0,,,310
Washington,16,87,16087,0,,,615
Jefferson,41,31,41031,0,,,710
Scott,27,139,27139,0,,,320
Hamlin,46,57,46057,0,,,320
Lamoille,50,15,50015,0,,,100
Linn,41,43,41043,0,,,710
Stanley,46,117,46117,0,,,395
Caledonia,50,5,50005,0,,,100
Waldo,23,27,23027,0,,,100
Haakon,46,55,46055,0,,,395
Fremont,16,43,16043,0,,,505
Sibley,27,143,27143,0,,,320
Chittenden,50,7,50007,0,,,100
Kennebec,23,11,23011,0,,,100
Goodhue,27,49,27049,0,,,310
Benton,41,3,41003,0,,,710
Redwood,27,127,27127,0,,,320
Wood,55,141,55141,0,,,310
Pepin,55,91,55091,0,,,310
Teton,56,39,56039,0,,,505
Beadle,46,5,46005,0,,,320
Lyon,27,83,27083,0,,,320
Lincoln,27,81,27081,0,,,320
Lawrence,46,81,46081,0,,,395
Buffalo,55,11,55011,0,,,310
Trempealeau,55,121,55121,0,,,310
Jackson,55,53,55053,0,,,310
Clark,16,33,16033,0,,,610
Crook,41,13,41013,0,,,605
Johnson,56,19,56019,3315,1001906,57694631,515
Hughes,46,65,46065,0,,,395
Essex,36,31,36031,0,,,100
Le Sueur,27,79,27079,0,,,320
Rice,27,131,27131,0,,,320
Kingsbury,46,77,46077,0,,,320
Brookings,46,11,46011,0,,,320
Pennington,46,103,46103,0,,,395
Gem,16,45,16045,0,,,610
Brown,27,15,27015,0,,,320
Washington,50,23,50023,0,,,100
Androscoggin,23,1,23001,0,,,100
Nicollet,27,103,27103,0,,,320
Wabasha,27,157,27157,0,,,310
Malheur,41,45,41045,0,,,620
Hancock,23,9,23009,0,,,100
Grafton,33,9,33009,0,,,100
Deschutes,41,17,41017,0,,,710
Knox,23,13,23013,0,,,100
Boise,16,15,16015,0,,,610
Lincoln,23,15,23015,0,,,100
Addison,50,1,50001,0,,,100
Carroll,33,3,33003,0,,,100
Lane,41,39,41039,0,,,710
Blue Earth,27,13,27013,0,,,320
Juneau,55,57,55057,0,,,310
Butte,16,23,16023,0,,,610
Lyman,46,85,46085,0,,,395
Orange,50,17,50017,0,,,100
Waseca,27,161,27161,0,,,320
Buffalo,46,17,46017,0,,,320
Jerauld,46,73,46073,0,,,320
Moody,46,101,46101,0,,,320
Pipestone,27,117,27117,0,,,320
Dodge,27,39,27039,0,,,325
Sanborn,46,111,46111,0,,,320
Murray,27,101,27101,0,,,320
Cottonwood,27,33,27033,0,,,320
Steele,27,147,27147,0,,,325
Olmsted,27,109,27109,0,,,325
Miner,46,97,46097,0,,,320
Lake,46,79,46079,0,,,320
Winona,27,169,27169,0,,,310
Weston,56,45,56045,964,478719,1151270,395
Jones,46,75,46075,0,,,395
Cumberland,23,5,23005,0,,,100
Washakie,56,43,56043,265,351017,1211317,515
Monroe,55,81,55081,0,,,310
Payette,16,75,16075,0,,,615
Hamilton,36,41,36041,0,,,110
Watonwan,27,165,27165,0,,,320
Herkimer,36,43,36043,0,,,110
La Crosse,55,63,55063,0,,,310
Elmore,16,39,16039,0,,,610
Hot Springs,56,17,56017,600,1754092,266277,520
Jefferson,16,51,16051,0,,,507
Harney,41,25,41025,0,,,605
Sagadahoc,23,23,23023,0,,,100
Fremont,56,13,56013,1119,2760677,83428662,520
Jackson,46,71,46071,0,,,395
Blaine,16,13,16013,0,,,610
Teton,16,81,16081,0,,,507
Windsor,50,27,50027,0,,,100
Douglas,41,19,41019,0,,,710
Aurora,46,3,46003,0,,,320
Brule,46,15,46015,0,,,320
Madison,16,65,16065,0,,,507
Canyon,16,27,16027,0,,,615
Mellette,46,95,46095,0,,,395
Camas,16,25,16025,0,,,615
Custer,46,33,46033,4,348,0,395
Rutland,50,21,50021,0,,,100
Faribault,27,43,27043,0,,,320
Minnehaha,46,99,46099,0,,,320
Rock,27,133,27133,0,,,320
Freeborn,27,47,27047,0,,,325
Nobles,27,105,27105,0,,,320
Jackson,27,63,27063,0,,,320
Martin,27,91,27091,0,,,320
Houston,27,55,27055,0,,,310
Mower,27,99,27099,0,,,325
Fillmore,27,45,27045,0,,,325
Davison,46,35,46035,0,,,320
Hanson,46,61,46061,0,,,320
McCook,46,87,46087,0,,,320
York,23,31,23031,0,,,100
Washington,36,115,36115,0,,,100
Ada,16,1,16001,0,,,610
Warren,36,113,36113,0,,,100
Tripp,46,123,46123,0,,,320
Belknap,33,1,33001,0,,,100
Vernon,55,123,55123,0,,,310
Shannon,46,113,46113,0,,,395
Owyhee,16,73,16073,0,,,615
Bonneville,16,19,16019,0,,,507
Bingham,16,11,16011,0,,,507
Klamath,41,35,41035,0,,,710
Lake,41,37,41037,0,,,620
Coos,41,11,41011,0,,,710
Merrimack,33,13,33013,0,,,100
Sullivan,33,19,33019,0,,,100
Strafford,33,17,33017,0,,,100
Richland,55,103,55103,0,,,310
Natrona,56,25,56025,1720,4380197,7928470,515
Gregory,46,53,46053,0,,,320
Niobrara,56,27,56027,234,703341,1016591,515
Charles Mix,46,23,46023,0,,,320
Turner,46,125,46125,0,,,320
Lincoln,46,83,46083,0,,,320
Worth,19,195,19195,0,,,325
Mitchell,19,131,19131,0,,,325
Allamakee,19,5,19005,0,,,310
Winnebago,19,189,19189,0,,,325
Winneshiek,19,191,19191,0,,,325
Converse,56,9,56009,1776,31470789,89750537,515
Osceola,19,143,19143,0,,,320
Dickinson,19,59,19059,0,,,320
Kossuth,19,109,19109,0,,,325
Howard,19,89,19089,0,,,325
Emmet,19,63,19063,0,,,320
Lyon,19,119,19119,0,,,320
Douglas,46,43,46043,0,,,320
Hutchinson,46,67,46067,0,,,320
Fall River,46,47,46047,8,27983,0,515
Sublette,56,35,56035,6978,4538101,816867071,507
Crawford,55,23,55023,0,,,310
Saratoga,36,91,36091,0,,,100
Bennett,46,7,46007,0,,,320
Todd,46,121,46121,0,,,320
Bennington,50,3,50003,0,,,100
Lincoln,56,23,56023,1204,197322,29418485,507
Fulton,36,35,36035,0,,,110
Rockingham,33,15,33015,0,,,100
Sioux,19,167,19167,0,,,320
Windham,50,25,50025,0,,,100
O'Brien,19,141,19141,0,,,325
Cerro Gordo,19,33,19033,0,,,325
Clay,19,41,19041,0,,,325
Hancock,19,81,19081,0,,,325
Palo Alto,19,147,19147,0,,,325
Floyd,19,67,19067,0,,,325
Chickasaw,19,37,19037,0,,,325
Iowa,55,49,55049,0,,,310
Grant,55,43,55043,0,,,310
Hillsborough,33,11,33011,0,,,100
Lincoln,16,63,16063,0,,,615
Gooding,16,47,16047,0,,,615
Minidoka,16,67,16067,0,,,615
Cheshire,33,5,33005,0,,,100
Yankton,46,135,46135,0,,,320
Bon Homme,46,9,46009,0,,,320
Power,16,77,16077,0,,,615
Union,46,127,46127,0,,,320
Clay,46,27,46027,0,,,320
Fayette,19,65,19065,0,,,325
Clayton,19,43,19043,0,,,310
Montgomery,36,57,36057,0,,,110
Caribou,16,29,16029,0,,,507
Bannock,16,5,16005,0,,,507
Sioux,31,165,31165,1,590,0,515
Dawes,31,45,31045,0,,,515
Sheridan,31,161,31161,0,,,320
Jackson,41,29,41029,0,,,710
Keya Paha,31,103,31103,0,,,320
Boyd,31,15,31015,0,,,320
Cherry,31,31,31031,1,5837,0,320
Curry,41,15,41015,0,,,710
Rensselaer,36,83,36083,0,,,100
Schenectady,36,93,36093,0,,,160
Plymouth,19,149,19149,0,,,320
Cherokee,19,35,19035,0,,,325
Bremer,19,17,19017,0,,,325
Butler,19,23,19023,0,,,325
Buena Vista,19,21,19021,0,,,325
Twin Falls,16,83,16083,0,,,615
Pocahontas,19,151,19151,0,,,325
Humboldt,19,91,19091,0,,,325
Wright,19,197,19197,0,,,325
Franklin,19,69,19069,0,,,325
Otsego,36,77,36077,0,,,110
Holt,31,89,31089,0,,,380
Essex,25,9,25009,0,,,100
Knox,31,107,31107,0,,,320
Cedar,31,27,31027,0,,,320
Jerome,16,53,16053,0,,,615
Schoharie,36,95,36095,0,,,160
Brown,31,17,31017,0,,,390
Lafayette,55,65,55065,0,,,310
Albany,36,1,36001,0,,,100
Rock,31,149,31149,0,,,380
Josephine,41,33,41033,0,,,710
Dixon,31,51,31051,0,,,320
Berkshire,25,3,25003,0,,,100
Franklin,25,11,25011,0,,,100
Middlesex,25,17,25017,0,,,100
Worcester,25,27,25027,0,,,100
Dubuque,19,61,19061,0,,,310
Cassia,16,31,16031,0,,,615
Webster,19,187,19187,0,,,325
Delaware,19,55,19055,0,,,325
Buchanan,19,19,19019,0,,,325
Black Hawk,19,13,19013,0,,,325
Goshen,56,15,56015,9,28466,3905,515
Platte,56,31,56031,1,564,0,515
Bear Lake,16,7,16007,0,,,507
Woodbury,19,193,19193,0,,,320
Ida,19,93,19093,0,,,325
Sac,19,161,19161,0,,,325
Calhoun,19,25,19025,0,,,325
Hamilton,19,79,19079,0,,,325
Hampshire,25,15,25015,0,,,100
Hardin,19,83,19083,0,,,325
Grundy,19,75,19075,0,,,325
Dakota,31,43,31043,0,,,320
Delaware,36,25,36025,0,,,160
Jo Daviess,17,85,17085,0,,,310
Columbia,36,21,36021,0,,,100
Oneida,16,71,16071,0,,,615
Greene,36,39,36039,0,,,100
Suffolk,25,25,25025,0,,,100
Carbon,56,7,56007,1679,1406333,76964407,515
Pierce,31,139,31139,0,,,380
Box Butte,31,13,31013,0,,,390
Antelope,31,3,31003,0,,,380
Albany,56,1,56001,30,15855,155,515
Franklin,16,41,16041,0,,,507
Jackson,19,97,19097,0,,,310
Wayne,31,179,31179,0,,,380
Hampden,25,13,25013,0,,,100
Jones,19,105,19105,0,,,325
Benton,19,11,19011,0,,,325
Linn,19,113,19113,0,,,325
Tama,19,171,19171,0,,,325
Thurston,31,173,31173,0,,,325
Sweetwater,56,37,56037,3532,4560849,188487706,507
Plymouth,25,23,25023,0,,,100
Norfolk,25,21,25021,0,,,100
Monona,19,133,19133,0,,,325
Crawford,19,47,19047,0,,,325
Carroll,19,27,19027,0,,,325
Greene,19,73,19073,0,,,325
Boone,19,15,19015,0,,,325
Marshall,19,127,19127,0,,,325
Story,19,169,19169,0,,,325
Ulster,36,111,36111,0,,,100
Cuming,31,39,31039,0,,,380
Bristol,25,5,25005,0,,,100
Stanton,31,167,31167,0,,,380
Madison,31,119,31119,0,,,380
Grant,31,75,31075,0,,,390
Loup,31,115,31115,0,,,380
Hooker,31,91,31091,0,,,390
Garfield,31,71,31071,0,,,380
Thomas,31,171,31171,0,,,390
Wheeler,31,183,31183,0,,,380
Blaine,31,9,31009,0,,,390
Dutchess,36,27,36027,0,,,100
Barnstable,25,1,25001,0,,,100
Burt,31,21,31021,0,,,325
Litchfield,9,5,9005,0,,,100
Hartford,9,3,9003,0,,,100
Clinton,19,45,19045,0,,,310
Tolland,9,13,9013,0,,,100
Windham,9,15,9015,0,,,100
Sullivan,36,105,36105,0,,,160
Providence,44,7,44007,0,,,100
Cache,49,5,49005,0,,,507
Siskiyou,6,93,6093,0,,,620
Garden,31,69,31069,2,1829,2360,390
Box Elder,49,3,49003,0,,,625
Rich,49,33,49033,0,,,507
Scotts Bluff,31,157,31157,6,8185,0,390
Morrill,31,123,31123,29,28401,0,390
Wayne,42,127,42127,0,,,160
Del Norte,6,15,6015,0,,,710
Humboldt,32,13,32013,0,,,620
Elko,32,7,32007,0,,,615
Modoc,6,49,6049,0,,,620
Washoe,32,31,32031,0,,,620
Cedar,19,31,19031,0,,,325
Boone,31,11,31011,0,,,380
Jasper,19,99,19099,0,,,325
Polk,19,153,19153,0,,,325
Poweshiek,19,157,19157,0,,,325
Harrison,19,85,19085,0,,,325
Guthrie,19,77,19077,0,,,325
Shelby,19,165,19165,0,,,325
Audubon,19,9,19009,0,,,325
Iowa,19,95,19095,0,,,325
Dallas,19,49,19049,0,,,325
Johnson,19,103,19103,0,,,325
Rock Island,17,161,17161,0,,,310
Scott,19,163,19163,0,,,310
Bristol,44,1,44001,0,,,100
Kent,44,3,44003,0,,,100
Colfax,31,37,31037,0,,,380
Dodge,31,53,31053,0,,,380
Platte,31,141,31141,0,,,380
Arthur,31,5,31005,0,,,390
Greeley,31,77,31077,0,,,380
McPherson,31,117,31117,0,,,390
Logan,31,113,31113,0,,,390
Custer,31,41,31041,0,,,390
Valley,31,175,31175,0,,,380
Will,17,197,17197,0,,,310
Lucas,39,95,39095,0,,,305
Kendall,17,93,17093,0,,,310
Lake,18,89,18089,0,,,310
Porter,18,127,18127,0,,,300
Fulton,39,51,39051,0,,,305
Geauga,39,55,39055,795,57880,1170654,160
New London,9,11,9011,0,,,100
Williams,39,171,39171,0,,,305
Banner,31,7,31007,107,87534,3150,540
Washington,31,177,31177,0,,,325
Newport,44,5,44005,0,,,100
Fairfield,9,1,9001,0,,,100
Laramie,56,21,56021,497,9138330,9386884,535
Wyoming,42,131,42131,288,0,340033937,160A
Washington,44,9,44009,0,,,100
Middlesex,9,7,9007,0,,,100
New Haven,9,9,9009,0,,,100
Lackawanna,42,69,42069,0,,,160
La Salle,17,99,17099,0,,,310
Orange,36,71,36071,0,,,100
Elk,42,47,42047,1375,26409,85451150,160A
Cuyahoga,39,35,39035,390,58562,1474580,160
Venango,42,121,42121,2341,40015,3019350,160
Forest,42,53,42053,3189,122570,1638111,160A
Ottawa,39,123,39123,0,,,305
Cameron,42,23,42023,91,126,36639588,160A
Wood,39,173,39173,16,301,0,305
Pike,42,103,42103,0,,,160
Lycoming,42,81,42081,909,0,453072765,160A
Muscatine,19,139,19139,0,,,310
Sullivan,42,113,42113,146,0,154891631,160A
Bureau,17,11,17011,0,,,310
Henry,17,73,17073,0,,,310
Uinta,56,41,56041,408,282831,16047088,507
Noble,18,113,18113,0,,,305
De Kalb,18,33,18033,0,,,305
Putnam,36,79,36079,0,,,100
Nance,31,125,31125,0,,,380
Lorain,39,93,39093,52,410,19172,160
Mahaska,19,123,19123,0,,,325
Pottawattamie,19,155,19155,0,,,325
Washington,19,183,19183,0,,,325
Marion,19,125,19125,0,,,325
Madison,19,121,19121,0,,,325
Warren,19,181,19181,0,,,325
Keokuk,19,107,19107,0,,,325
Cass,19,29,19029,0,,,325
Adair,19,1,19001,0,,,325
Sandusky,39,143,39143,31,5259,17642,300
Trumbull,39,155,39155,2013,58928,4654266,160
Mercer,42,85,42085,2771,84121,11981845,160
Marshall,18,99,18099,0,,,305
Henry,39,69,39069,0,,,305
Clinton,42,35,42035,432,0,18637403,160A
Dukes,25,7,25007,0,,,120
Grundy,17,63,17063,0,,,310
Humboldt,6,23,6023,26,0,252975,715
Butler,31,23,31023,0,,,380
Saunders,31,155,31155,0,,,380
Erie,39,43,39043,4,2406,0,160
Kosciusko,18,85,18085,0,,,305
Starke,18,149,18149,0,,,305
Clarion,42,31,42031,2692,53207,9685662,160A
Cheyenne,31,33,31033,213,114934,289801,540
Defiance,39,39,39039,0,,,305
Weber,49,57,49057,0,,,507
Louisa,19,115,19115,0,,,310
Luzerne,42,79,42079,0,,,160A
Polk,31,143,31143,0,,,380
Douglas,31,55,31055,0,,,380
Sherman,31,163,31163,0,,,380
Howard,31,93,31093,0,,,380
Lincoln,31,111,31111,2,603,0,390
Merrick,31,121,31121,0,,,380
Nantucket,25,19,25019,0,,,120
Keith,31,101,31101,0,,,390
Kimball,31,105,31105,159,222800,14276,540
Jefferson,42,65,42065,4400,954,12864198,160A
Morgan,49,29,49029,0,,,507
Trinity,6,105,6105,0,,,715
Westchester,36,119,36119,0,,,100
Sussex,34,37,34037,0,,,160
Summit,39,153,39153,737,80603,1428072,160
Portage,39,133,39133,1937,207884,2824449,160
Mercer,17,131,17131,0,,,310
Rockland,36,87,36087,0,,,100
Putnam,17,155,17155,0,,,310
Columbia,42,37,42037,0,,,160A
Kankakee,17,91,17091,0,,,310
Whitley,18,183,18183,0,,,305
Jasper,18,73,18073,0,,,300
Huron,39,77,39077,46,24865,26463,160
Allen,18,3,18003,0,,,305
Medina,39,103,39103,956,49174,500318,160
Summit,49,43,49043,28,161920,868890,507
Centre,42,27,42027,664,137,3539794,160A
Clearfield,42,33,42033,3767,115,13495424,160A
Monroe,42,89,42089,0,,,160
Seneca,39,147,39147,18,1295,0,300
Paulding,39,125,39125,0,,,305
Stark,17,175,17175,0,,,315
Newton,18,111,18111,0,,,310
Deuel,31,49,31049,40,0,41640,390
Passaic,34,31,34031,0,,,100
Sarpy,31,153,31153,0,,,380
Shasta,6,89,6089,0,,,620
Lassen,6,35,6035,0,,,620
Northumberland,42,97,42097,0,,,160A
Fulton,18,49,18049,0,,,305
Butler,42,19,42019,881,395264,251862526,160A
Armstrong,42,5,42005,7016,6599,76826717,160A
Pulaski,18,131,18131,0,,,300
Montour,42,93,42093,0,,,160A
Hancock,39,63,39063,0,,,300
Mills,19,129,19129,0,,,335
Putnam,39,137,39137,0,,,305
Montgomery,19,137,19137,0,,,335
Adams,19,3,19003,0,,,335
Clarke,19,39,19039,0,,,325
Wapello,19,179,19179,0,,,325
Jefferson,19,101,19101,0,,,325
Union,19,175,19175,0,,,325
Henry,19,87,19087,0,,,325
Hamilton,31,81,31081,0,,,380
Lucas,19,117,19117,0,,,325
Monroe,19,135,19135,0,,,325
Davis,49,11,49011,0,,,507
Knox,17,95,17095,0,,,315
Marshall,17,123,17123,0,,,310
Union,42,119,42119,0,,,160A
Carbon,42,25,42025,0,,,160A
Mahoning,39,99,39099,2034,97327,5049860,160
Lawrence,42,73,42073,216,6711,15887572,160
Bergen,34,3,34003,0,,,100
Livingston,17,105,17105,0,,,310
Warren,34,41,34041,0,,,160A
Tooele,49,45,49045,0,,,625
Morris,34,27,34027,0,,,160A
Des Moines,19,57,19057,0,,,325
Henderson,17,71,17071,0,,,325
Warren,17,187,17187,0,,,315
Cass,31,25,31025,0,,,380
Ashland,39,5,39005,513,21330,198146,160
Wabash,18,169,18169,0,,,300
Seward,31,159,31159,0,,,380
Lancaster,31,109,31109,0,,,380
Buffalo,31,19,31019,0,,,390
Dawson,31,47,31047,0,,,390
York,31,185,31185,0,,,380
Hall,31,79,31079,0,,,380
Huntington,18,69,18069,0,,,300
Iroquois,17,75,17075,0,,,310
Miami,18,103,18103,0,,,300
Ford,17,53,17053,0,,,310
Moffat,8,81,8081,364,233854,8383067,535
Weld,8,123,8123,14644,150262093,1045831430,540
Jackson,8,57,8057,133,1153927,1196638,535
Perkins,31,135,31135,0,,,390
Logan,8,75,8075,77,106344,206798,540
Sedgwick,8,115,8115,21,0,34051,390
Routt,8,107,8107,25,44481,50570,535
Larimer,8,69,8069,219,1667592,10074259,535
Daggett,49,9,49009,16,1306,851446,507
Crawford,39,33,39033,1,165,0,160
Lander,32,15,32015,0,,,625
Eureka,32,11,32011,6,19624,0,625
Richland,39,139,39139,21,20862,57494,160
Wayne,39,169,39169,1411,143701,1200210,160
Van Wert,39,161,39161,0,,,305
Wyandot,39,175,39175,3,431,0,160
Stark,39,151,39151,2708,342017,3813328,160
Peoria,17,143,17143,0,,,315
Northampton,42,95,42095,0,,,160A
Pershing,32,27,32027,0,,,620
Schuylkill,42,107,42107,0,,,160A
Adams,18,1,18001,0,,,305
Wells,18,179,18179,0,,,305
Woodford,17,203,17203,0,,,310
Columbiana,39,29,39029,714,65931,36328418,160
Bronx,36,5,36005,0,,,100
Cass,18,17,18017,0,,,300
White,18,181,18181,0,,,300
Salt Lake,49,35,49035,0,,,507
Allen,39,3,39003,0,,,300
Indiana,42,63,42063,10410,1445,22545842,160A
Fremont,19,71,19071,0,,,335
Page,19,145,19145,0,,,335
Taylor,19,173,19173,0,,,335
Ringgold,19,159,19159,0,,,325
Nassau,36,59,36059,0,,,120
Davis,19,51,19051,0,,,325
Van Buren,19,177,19177,0,,,325
Decatur,19,53,19053,0,,,325
Wayne,19,185,19185,0,,,325
Essex,34,13,34013,0,,,150
Appanoose,19,7,19007,0,,,325
Snyder,42,109,42109,0,,,160A
New York,36,61,36061,0,,,100
Uintah,49,47,49047,6819,9374518,147347895,535
Beaver,42,7,42007,153,547262,101738678,160A
Mifflin,42,87,42087,0,,,160A
Duchesne,49,13,49013,2900,16695484,40505922,507
Hudson,34,17,34017,0,,,150
Lee,19,111,19111,0,,,325
Hardin,39,65,39065,0,,,160
Queens,36,81,36081,0,,,120
Otoe,31,131,31131,0,,,380
Lehigh,42,77,42077,0,,,160A
Hunterdon,34,19,34019,0,,,160A
Suffolk,36,103,36103,0,,,120
McLean,17,113,17113,0,,,315
Somerset,34,35,34035,0,,,150
Carroll,18,15,18015,0,,,300
Tazewell,17,179,17179,0,,,315
Blair,42,13,42013,7,0,460806,160A
Benton,18,7,18007,0,,,300
Phillips,8,95,8095,266,0,858296,390
Huntingdon,42,61,42061,3,0,115608,160A
Kings,36,47,36047,0,,,120
Cambria,42,21,42021,411,0,412074,160A
Union,34,39,34039,0,,,150
Mercer,39,107,39107,2,891,0,300
Carroll,39,19,39019,1447,2302152,86490608,160
Fulton,17,57,17057,0,,,315
Morrow,39,117,39117,154,79802,11337,160
Marion,39,101,39101,1,157,0,160
Saline,31,151,31151,0,,,380
Adams,31,1,31001,0,,,380
Clay,31,35,31035,0,,,380
Fillmore,31,59,31059,0,,,380
Juniata,42,67,42067,0,,,160A
Hayes,31,85,31085,14,20498,0,390
Chase,31,29,31029,10,20008,0,390
Frontier,31,63,31063,10,18124,0,390
Gosper,31,73,31073,0,,,390
Auglaize,39,11,39011,9,5,175,300
Kearney,31,99,31099,1,2280,0,380
Wasatch,49,51,49051,0,,,507
Phelps,31,137,31137,5,32418,0,390
Berks,42,11,42011,0,,,160A
Westmoreland,42,129,42129,4696,7228,67636086,160A
Allegheny,42,3,42003,878,58141,190406192,160A
Grant,18,53,18053,0,,,300
Holmes,39,75,39075,1457,95495,920764,160
Dauphin,42,43,42043,0,,,160A
Tuscarawas,39,157,39157,2511,110358,3584074,160
Richmond,36,85,36085,0,,,120
Hancock,17,67,17067,0,,,325
McDonough,17,109,17109,0,,,315
Perry,42,99,42099,0,,,160A
Hancock,54,29,54029,9,34,3516,160A
Bucks,42,17,42017,0,,,160A
Clark,29,45,29045,0,,,325
Scotland,29,199,29199,0,,,325
Schuyler,29,197,29197,0,,,325
Middlesex,34,23,34023,0,,,150
Jefferson,39,81,39081,282,1219,499663757,160A
Blackford,18,9,18009,0,,,300
Putnam,29,171,29171,0,,,325
Atchison,29,5,29005,0,,,335
Jay,18,75,18075,0,,,300
Utah,49,49,49049,0,,,625
Nodaway,29,147,29147,0,,,335
Mercer,29,129,29129,0,,,325
Howard,18,67,18067,0,,,300
Harrison,29,81,29081,0,,,325
Tippecanoe,18,157,18157,0,,,300
Worth,29,227,29227,0,,,335
Knox,39,83,39083,1161,108518,492898,160
Nemaha,31,127,31127,0,,,335
Lebanon,42,75,42075,0,,,160A
Logan,39,91,39091,2,77,65,160
Gage,31,67,31067,0,,,380
Johnson,31,97,31097,0,,,380
Morgan,8,87,8087,51,41093,24380,540
Union,39,159,39159,0,,,160
Vermilion,17,183,17183,0,,,315
Warren,18,171,18171,0,,,315
Shelby,39,149,39149,17,651,0,300
Washington,42,125,42125,2772,3792791,1181729895,160A
Grand,8,49,8049,0,,,535
Coshocton,39,31,39031,1917,113034,917981,160
Tehama,6,103,6103,85,0,533847,715
Monmouth,34,25,34025,0,,,150
Plumas,6,63,6063,0,,,620
Delaware,39,41,39041,7,1874,0,160
Montgomery,42,91,42091,0,,,160A
Mason,17,125,17125,0,,,315
Clinton,18,23,18023,0,,,300
Yuma,8,125,8125,3644,0,14891374,390
Washington,8,121,8121,371,333786,621257,540
Harrison,39,67,39067,761,7459761,278544765,160
Mercer,34,21,34021,0,,,150
Tipton,18,159,18159,0,,,300
Champaign,17,19,17019,0,,,315
Brooke,54,9,54009,115,2773866,68703043,160A
Madison,18,95,18095,0,,,300
Delaware,18,35,18035,0,,,300
Gentry,29,75,29075,0,,,335
Sullivan,29,211,29211,0,,,335
Fountain,18,45,18045,0,,,315
Darke,39,37,39037,0,,,300
Thayer,31,169,31169,0,,,380
Jefferson,31,95,31095,0,,,380
Adair,29,1,29001,0,,,335
Dundy,31,57,31057,188,217687,0,390
Franklin,31,61,31061,6,15534,0,380
Webster,31,181,31181,0,,,380
Nuckolls,31,129,31129,0,,,380
Hitchcock,31,87,31087,483,552886,0,390
Harlan,31,83,31083,29,45790,0,390
Furnas,31,65,31065,24,10700,0,390
Red Willow,31,145,31145,211,147535,0,390
Logan,17,107,17107,0,,,315
Bedford,42,9,42009,0,,,160A
Cumberland,42,41,42041,0,,,160A
Randolph,18,135,18135,0,,,300
Lancaster,42,71,42071,0,,,160A
Knox,29,103,29103,0,,,330
Franklin,42,55,42055,0,,,160A
Piatt,17,147,17147,0,,,315
De Witt,17,39,17039,0,,,315
Somerset,42,111,42111,35,0,2264981,160A
Schuyler,17,169,17169,0,,,315
Licking,39,89,39089,1003,125724,598779,160
Champaign,39,21,39021,0,,,160
Holt,29,87,29087,0,,,335
Richardson,31,147,31147,82,69263,0,335
Pawnee,31,133,31133,0,,,335
Grundy,29,79,29079,0,,,335
Boulder,8,13,8013,286,308397,3181028,540
Lewis,29,111,29111,0,,,330
Chester,42,29,42029,0,,,160A
Hamilton,18,57,18057,0,,,300
York,42,133,42133,0,,,160A
Montgomery,18,107,18107,0,,,300
Rio Blanco,8,103,8103,2180,3415871,55161337,535
Guernsey,39,59,39059,975,9627352,84905530,160
Adams,17,1,17001,0,,,330
Miami,39,109,39109,0,,,300
Ohio,54,69,54069,184,3880577,116949943,160A
Boone,18,11,18011,0,,,300
Burlington,34,5,34005,0,,,150
Vermillion,18,165,18165,0,,,315
Menard,17,129,17129,0,,,315
Belmont,39,13,39013,640,361077,821213231,160
Ocean,34,29,34029,0,,,120
Fulton,42,57,42057,0,,,160A
Muskingum,39,119,39119,1637,65645,1791806,160
Butte,6,7,6007,16,0,35364515,730
Daviess,29,61,29061,0,,,335
Franklin,39,49,39049,1,82,0,160
Fayette,42,51,42051,2825,1550,76226169,160A
Philadelphia,42,101,42101,0,,,150
Andrew,29,3,29003,0,,,335
Cass,17,17,17017,0,,,315
White Pine,32,33,32033,0,,,625
Madison,39,97,39097,0,,,160
Brown,17,9,17009,0,,,315
Garfield,8,45,8045,11451,1254505,451573846,535
Henry,18,65,18065,0,,,300
Adams,42,1,42001,0,,,160A
Delaware,42,45,42045,0,,,150
Macon,17,115,17115,0,,,315
De Kalb,29,63,29063,0,,,335
Macon,29,121,29121,0,,,335
Clark,39,23,39023,0,,,160
Linn,29,115,29115,0,,,335
Marshall,54,51,54051,588,5411469,425299830,160A
Greene,42,59,42059,2413,38927,1102472389,160A
Wayne,18,177,18177,0,,,300
Juab,49,23,49023,0,,,625
Churchill,32,1,32001,0,,,620
Norton,20,137,20137,0,,,390
Phillips,20,147,20147,0,,,390
Rawlins,20,153,20153,0,,,390
Cheyenne,20,23,20023,0,,,390
Decatur,20,39,20039,0,,,390
Republic,20,157,20157,0,,,380
Doniphan,20,43,20043,0,,,335
Mendocino,6,45,6045,0,,,715
Smith,20,183,20183,0,,,380
Jewell,20,89,20089,0,,,380
Washington,20,201,20201,0,,,380
Adams,8,1,8001,480,8885665,31788196,540
Nemaha,20,131,20131,0,,,335
Marshall,20,117,20117,0,,,380
Brown,20,13,20013,0,,,335
Camden,34,7,34007,0,,,150
Sangamon,17,167,17167,0,,,315
Livingston,29,117,29117,0,,,335
Parke,18,121,18121,0,,,315
Shelby,29,205,29205,0,,,330
Hancock,18,59,18059,0,,,300
Marion,29,127,29127,0,,,330
Noble,39,121,39121,1256,514026,60754098,160
Marion,18,97,18097,0,,,300
Fairfield,39,45,39045,98,29932,71748,160
Hendricks,18,63,18063,0,,,300
Gilpin,8,47,8047,0,,,540
Perry,39,127,39127,717,66766,177394,160
Montgomery,39,113,39113,0,,,300
Preble,39,135,39135,0,,,300
Summit,8,117,8117,0,,,545
Eagle,8,37,8037,0,,,535
Jefferson,8,59,8059,0,,,540
Edgar,17,45,17045,0,,,315
Douglas,17,41,17041,0,,,315
Gloucester,34,15,34015,0,,,150
Morgan,17,137,17137,0,,,315
Putnam,18,133,18133,0,,,315
Monroe,39,111,39111,2223,1226666,453709655,160
Greene,39,57,39057,0,,,300
Pike,17,149,17149,0,,,330
Clear Creek,8,19,8019,0,,,540
New Castle,10,3,10003,0,,,150
Christian,17,21,17021,0,,,315
Buchanan,29,21,29021,0,,,335
Carbon,49,7,49007,1089,34905,36565311,630
Sanpete,49,39,49039,2,71276,634255,630
Pickaway,39,129,39129,31,32584,113,160
Denver,8,31,8031,0,,,540
Glenn,6,21,6021,180,0,1849779,730
Moultrie,17,139,17139,0,,,315
Scott,17,171,17171,0,,,315
Rush,18,139,18139,0,,,300
Fayette,18,41,18041,0,,,300
Caldwell,29,25,29025,0,,,335
Salem,34,33,34033,0,,,120
Sierra,6,91,6091,0,,,620
Morgan,39,115,39115,693,32398,610611,160
Clinton,29,49,29049,0,,,335
Lyon,32,19,32019,0,,,620
Union,18,161,18161,0,,,300
Arapahoe,8,5,8005,116,2122341,5926118,540
Atlantic,34,1,34001,0,,,120
Washington,24,43,24043,0,,,160A
Allegany,24,1,24001,0,,,160A
Cecil,24,15,24015,0,,,150
Garrett,24,23,24023,0,,,160A
Harford,24,25,24025,0,,,150
Monongalia,54,61,54061,370,1545,131076433,160A
Preston,54,77,54077,192,1656,1743898,160A
Carroll,24,13,24013,0,,,150
Baltimore,24,5,24005,0,,,150
Wetzel,54,103,54103,1229,598630,208647382,160A
Frederick,24,21,24021,0,,,160A
Fayette,39,47,39047,0,,,160
Chariton,29,41,29041,0,,,335
Shelby,18,145,18145,0,,,300
Emery,49,15,49015,209,30,4924333,630
Morgan,54,65,54065,3,0,3,160A
Coles,17,29,17029,0,,,315
Ralls,29,173,29173,0,,,330
Monroe,29,137,29137,0,,,330
Shelby,17,173,17173,0,,,315
Hocking,39,73,39073,399,40472,58875,160
Cloud,20,29,20029,0,,,380
Atchison,20,5,20005,0,,,335
Jackson,20,85,20085,0,,,335
Mineral,54,57,54057,3,0,180,160A
Washington,39,167,39167,2959,60260,3263800,160
Marion,54,49,54049,781,3417,35943265,160A
Johnson,18,81,18081,0,,,300
Morgan,18,109,18109,0,,,300
Yuba,6,115,6115,1,0,170,730
Storey,32,29,32029,0,,,620
Berkeley,54,3,54003,1,0,4542,160A
Carroll,29,33,29033,0,,,335
Vigo,18,167,18167,0,,,315
Randolph,29,175,29175,0,,,330
Clay,18,21,18021,0,,,315
Tyler,54,95,54095,1080,3819902,617321034,160A
Pike,29,163,29163,0,,,330
Warren,39,165,39165,0,,,300
Butler,39,17,39017,0,,,300
Lake,6,33,6033,0,,,730
Clinton,39,27,39027,0,,,160
Kit Carson,8,63,8063,8,3499,8637,540
Sherman,20,181,20181,0,,,450
Thomas,20,193,20193,0,,,385
Sheridan,20,179,20179,0,,,385
Clay,20,27,20027,0,,,380
Cumberland,34,11,34011,0,,,120
Lincoln,8,73,8073,88,432718,171871,540
Elbert,8,39,8039,24,6582,4552,540
Riley,20,161,20161,0,,,380
Park,8,93,8093,0,,,540
Rooks,20,163,20163,0,,,380
Douglas,8,35,8035,0,,,540
Osborne,20,141,20141,0,,,380
Pottawatomie,20,149,20149,0,,,335
Graham,20,65,20065,0,,,385
Mitchell,20,123,20123,0,,,380
Athens,39,9,39009,705,9499,253945,160
Millard,49,27,49027,0,,,625
Hampshire,54,27,54027,0,,,160A
Platte,29,165,29165,0,,,335
Montgomery,17,135,17135,0,,,315
Macoupin,17,117,17117,0,,,315
Ray,29,177,29177,0,,,335
Greene,17,61,17061,0,,,315
Grand,49,19,49019,245,157604,2245241,575
Franklin,18,47,18047,0,,,300
Nevada,6,57,6057,0,,,620
Ross,39,141,39141,0,,,160
Jefferson,54,37,54037,0,,,160A
Clark,17,23,17023,0,,,315
Pleasants,54,73,54073,757,76874,6154485,160
Harrison,54,33,54033,3385,53184,166729104,160A
Owen,18,119,18119,0,,,315
Frederick,51,69,51069,0,,,160A
Clay,29,47,29047,0,,,335
Doddridge,54,17,54017,4052,795355,380578745,160A
Taylor,54,91,54091,562,2983,25839570,160A
Decatur,18,31,18031,0,,,300
Colusa,6,11,6011,156,0,9167452,730
Jefferson,20,87,20087,0,,,335
Leavenworth,20,103,20103,0,,,335
Wood,54,107,54107,457,10038,177185,160
Saline,29,195,29195,0,,,335
Calhoun,17,13,17013,0,,,330
Ritchie,54,85,54085,5022,1010768,226781449,160
Vinton,39,163,39163,109,11907,80202,160
Kent,24,29,24029,0,,,120
Cumberland,17,35,17035,0,,,315
Lake,8,65,8065,0,,,595
Highland,39,71,39071,0,,,160
Baltimore City,24,510,24510,0,,,150
Kent,10,1,10001,0,,,120
Howard,24,27,24027,0,,,150
Mesa,8,77,8077,1038,91937,43147343,595
Pitkin,8,97,8097,0,,,595
Montgomery,24,31,24031,0,,,150
Audrain,29,7,29007,0,,,330
Howard,29,89,29089,0,,,340
Bartholomew,18,5,18005,0,,,300
Brown,18,13,18013,0,,,315
Monroe,18,105,18105,0,,,315
Grant,54,23,54023,0,,,160A
Cape May,34,9,34009,0,,,120
Loudoun,51,107,51107,0,,,160A
Dearborn,18,29,18029,0,,,300
Placer,6,61,6061,0,,,620
Hamilton,39,61,39061,0,,,300
Ottawa,20,143,20143,0,,,380
Ripley,18,137,18137,0,,,300
Sutter,6,101,6101,201,0,2411043,730
Barbour,54,1,54001,1859,16849,16729261,160A
Lafayette,29,107,29107,0,,,335
Queen Annes,24,35,24035,0,,,120
Tucker,54,93,54093,20,0,95926,160A
Clarke,51,43,51043,0,,,160A
Clermont,39,25,39025,0,,,300
Carson City,32,510,32510,0,,,620
Sullivan,18,153,18153,0,,,315
Jersey,17,83,17083,0,,,315
Gunnison,8,51,8051,33,637,3541061,595
Boone,29,19,29019,0,,,330
Brown,39,15,39015,0,,,300
Hardy,54,31,54031,0,,,160A
Jackson,29,95,29095,0,,,335
Anne Arundel,24,3,24003,0,,,150
Lincoln,29,113,29113,0,,,330
Fayette,17,51,17051,0,,,315
Geary,20,61,20061,0,,,380
Shawnee,20,177,20177,0,,,335
Effingham,17,49,17049,0,,,315
Lincoln,20,105,20105,0,,,380
Delta,8,29,8029,5,0,400385,595
Wabaunsee,20,197,20197,0,,,335
Winchester,51,840,51840,0,,,160A
Jackson,39,79,39079,6,0,4831,160
Meigs,39,105,39105,456,18662,293188,160
Wyandotte,20,209,20209,0,,,335
Jennings,18,79,18079,0,,,300
Pike,39,131,39131,0,,,160
Crawford,17,33,17033,0,,,315
Jasper,17,79,17079,0,,,315
Wirt,54,105,54105,480,10588,296012,160
Greene,18,55,18055,0,,,315
Lewis,54,41,54041,3057,40250,8102253,160A
Nye,32,23,32023,58,178281,861,625
Montgomery,29,139,29139,0,,,330
Boone,21,15,21015,0,,,300
Caroline,24,11,24011,0,,,120
Logan,20,109,20109,0,,,450
Trego,20,195,20195,0,,,385
Ellis,20,51,20051,0,,,380
Gove,20,63,20063,0,,,385
Prince Georges,24,33,24033,0,,,150
Wallace,20,199,20199,1,836,0,450
Russell,20,167,20167,0,,,380
Dickinson,20,41,20041,0,,,380
El Paso,8,41,8041,0,,,540
Teller,8,119,8119,0,,,540
Randolph,54,83,54083,561,956,902602,160A
Campbell,21,37,21037,0,,,300
Upshur,54,97,54097,2089,7388,10783597,160A
Gilmer,54,21,54021,2993,105017,5210456,160A
Douglas,32,5,32005,0,,,625
Shenandoah,51,171,51171,0,,,160A
Jackson,54,35,54035,1313,7968,3393422,160
Kenton,21,117,21117,0,,,300
Mineral,32,21,32021,0,,,625
Jackson,18,71,18071,0,,,300
Callaway,29,27,29027,0,,,330
Douglas,20,45,20045,0,,,335
El Dorado,6,17,6017,0,,,625
Fairfax,51,59,51059,0,,,150
Cooper,29,53,29053,0,,,340
Chaffee,8,15,8015,0,,,540
Adams,39,1,39001,0,,,160
Calhoun,54,13,54013,2887,71814,2044410,160
Johnson,20,91,20091,0,,,335
Sevier,49,41,49041,31,1103994,0,630
Warren,51,187,51187,0,,,160A
Cheyenne,8,17,8017,284,781432,4024855,540
Gallia,39,53,39053,394,12941,102652,160
Ohio,18,115,18115,0,,,300
Bond,17,5,17005,0,,,315
Mason,54,53,54053,220,5021,340144,160
Scioto,39,145,39145,0,,,160
Fauquier,51,61,51061,0,,,160A
Madison,17,119,17119,0,,,315
Warren,29,219,29219,0,,,330
Lawrence,18,93,18093,0,,,315
Washington,11,1,11001,0,,,150
St. Charles,29,183,29183,0,,,330
Saline,20,169,20169,0,,,380
Sussex,10,5,10005,0,,,120
Pendleton,54,71,54071,2,0,3405,160A
Talbot,24,41,24041,0,,,120
Roane,54,87,54087,1891,68828,2256245,160
Pettis,29,159,29159,0,,,335
Prince William,51,153,51153,0,,,150
Johnson,29,101,29101,0,,,335
Arlington,51,13,51013,0,,,150
Switzerland,18,155,18155,0,,,300
Yolo,6,113,6113,18,0,1262282,730
Alpine,6,3,6003,0,,,625
Jefferson,18,77,18077,0,,,300
Moniteau,29,135,29135,0,,,340
Clay,17,25,17025,0,,,315
Knox,18,83,18083,0,,,315
Martin,18,101,18101,0,,,315
Daviess,18,27,18027,0,,,315
Braxton,54,7,54007,1268,23235,1304870,160
Falls Chruch,51,610,51610,0,,,150
St. Louis,29,189,29189,0,,,340
Pendleton,21,191,21191,1,0,564,300
Fairfax City,51,600,51600,0,,,150
Gallatin,21,77,21077,0,,,300
Morris,20,127,20127,0,,,380
Osage,20,139,20139,0,,,335
Ellsworth,20,53,20053,0,,,380
Rappahannock,51,157,51157,0,,,160A
Lawrence,17,101,17101,0,,,315
Richland,17,159,17159,0,,,315
Napa,6,55,6055,0,,,730
Sonoma,6,97,6097,0,,,735
Alexandria,51,510,51510,0,,,150
Rockingham,51,165,51165,0,,,160A
Lawrence,39,87,39087,180,1398,134134,160
Cass,29,37,29037,0,,,335
Marion,17,121,17121,0,,,315
Scott,18,143,18143,0,,,300
Page,51,139,51139,0,,,160A
Bracken,21,23,21023,0,,,300
Grant,21,81,21081,0,,,300
St. Louis City,29,510,29510,0,,,315
Manassas Park City,51,685,51685,0,,,150
Washington,18,175,18175,0,,,300
Manassas City,51,683,51683,0,,,150
Calvert,24,9,24009,0,,,120
Carroll,21,41,21041,0,,,300
Mason,21,161,21161,0,,,160
Greenup,21,89,21089,70,35230,105431,160
Clinton,17,27,17027,0,,,315
Webster,54,101,54101,9,0,9132,160
Trimble,21,223,21223,0,,,300
Sacramento,6,67,6067,6,228,173378,730
Miami,20,121,20121,0,,,335
Cole,29,51,29051,0,,,340
Pocahontas,54,75,54075,0,,,160A
Lyon,20,111,20111,0,,,335
Franklin,20,59,20059,0,,,335
Owen,21,187,21187,0,,,300
Lewis,21,135,21135,0,,,160
Gasconade,29,73,29073,0,,,330
Osage,29,151,29151,0,,,340
Charles,24,17,24017,0,,,150
Mono,6,51,6051,0,,,625
Franklin,29,71,29071,0,,,340
Dorchester,24,19,24019,0,,,120
Culpeper,51,47,51047,0,,,150
Amador,6,5,6005,0,,,730
Scott,20,171,20171,0,,,360
Morgan,29,141,29141,0,,,340
Wichita,20,203,20203,0,,,360
Lane,20,101,20101,0,,,360
Ness,20,135,20135,0,,,385
Greeley,20,71,20071,1,2624,0,450
Fremont,8,43,8043,58,19350,12123,540
Rush,20,165,20165,0,,,385
Barton,20,9,20009,0,,,385
Orange,18,117,18117,0,,,315
Putnam,54,79,54079,852,573,2986254,160
Lincoln,32,17,32017,0,,,625
Montrose,8,85,8085,0,,,595
Clay,54,15,54015,1054,41533,1376185,160
St. Clair,17,163,17163,0,,,315
Kanawha,54,39,54039,3319,38060,11284914,160
Madison,51,113,51113,0,,,160A
Kiowa,8,61,8061,90,117791,302356,540
Wayne,17,191,17191,0,,,315
Clark,18,19,18019,0,,,300
McPherson,20,113,20113,0,,,380
Robertson,21,201,21201,0,,,300
Henry,21,103,21103,0,,,300
Marion,20,115,20115,0,,,380
Stafford,51,179,51179,0,,,150
Cabell,54,11,54011,414,10537,673640,160
Highland,51,91,51091,0,,,160A
Harrison,21,97,21097,0,,,300
Beaver,49,1,49001,0,,,630
Edwards,17,47,17047,0,,,315
Wabash,17,185,17185,0,,,315
Henry,29,83,29083,0,,,335
Nicholas,54,67,54067,297,0,625906,160
Wicomico,24,45,24045,0,,,120
Pike,18,125,18125,0,,,315
Benton,29,15,29015,0,,,335
Oldham,21,185,21185,0,,,300
Fleming,21,69,21069,0,,,160
Gibson,18,51,18051,0,,,315
Dubois,18,37,18037,0,,,315
Monroe,17,133,17133,0,,,340
Pueblo,8,101,8101,0,,,540
Chase,20,17,20017,0,,,335
Rice,20,159,20159,0,,,385
Crowley,8,25,8025,0,,,540
St. Marys,24,37,24037,0,,,120
Washington,17,189,17189,0,,,315
Carter,21,43,21043,0,,,160
Wayne,49,55,49055,0,,,630
Piute,49,31,49031,0,,,630
Calaveras,6,9,6009,0,,,730
Boyd,21,19,21019,87,0,274203,160
Jefferson,29,99,29099,0,,,340
San Juan,49,37,49037,508,3289739,8607889,595
Scott,21,209,21209,0,,,300
Augusta,51,15,51015,0,,,160A
Jefferson,17,81,17081,0,,,315
Greene,51,79,51079,0,,,160A
Bates,29,13,29013,0,,,335
Harrisonburg,51,660,51660,0,,,160A
Saguache,8,109,8109,0,,,540
Nicholas,21,181,21181,0,,,300
Esmeralda,32,9,32009,0,,,625
Worcester,24,47,24047,0,,,120
Tuolumne,6,109,6109,0,,,625
Coffey,20,31,20031,0,,,335
Miller,29,131,29131,0,,,340
Crawford,18,25,18025,0,,,300
Harrison,18,61,18061,0,,,300
Wayne,54,99,54099,1139,13903,3546664,160
Floyd,18,43,18043,0,,,300
Orange,51,137,51137,0,,,150
Rowan,21,205,21205,0,,,160
Linn,20,107,20107,0,,,335
Anderson,20,3,20003,0,,,335
Jefferson,21,111,21111,0,,,300
Spotsylvania,51,177,51177,0,,,150
King George,51,99,51099,0,,,150
Lincoln,54,43,54043,1991,101814,6937804,160
Franklin,21,73,21073,0,,,300
Bourbon,21,17,21017,0,,,300
Shelby,21,211,21211,0,,,300
Pawnee,20,145,20145,0,,,385
Ouray,8,91,8091,0,,,595
Marin,6,41,6041,0,,,735
Fredericksburg,51,630,51630,0,,,150
Bath,21,11,21011,0,,,160
San Joaquin,6,77,6077,127,0,29378996,730
Somerset,24,39,24039,0,,,120
Maries,29,125,29125,0,,,340
Westmoreland,51,193,51193,0,,,120
Albemarle,51,3,51003,0,,,160A
Lawrence,21,127,21127,394,255042,1166888,160
Elliott,21,63,21063,29,2857,0,160
Bath,51,17,51017,0,,,160A
Greenbrier,54,25,54025,1,0,1002,160
Camden,29,29,29029,0,,,340
Fayette,54,19,54019,472,123,1451213,160
Prowers,8,99,8099,22,38,237007,450
Perry,18,123,18123,0,,,300
Bent,8,11,8011,17,0,176635,450
White,17,193,17193,0,,,315
Hamilton,17,65,17065,0,,,315
Hamilton,20,75,20075,0,,,360
Kearny,20,93,20093,0,,,360
Otero,8,89,8089,0,,,540
Custer,8,27,8027,0,,,540
Finney,20,55,20055,0,,,360
Stafford,20,185,20185,0,,,385
Hodgeman,20,83,20083,0,,,385
Caroline,51,33,51033,0,,,150
Warrick,18,173,18173,0,,,315
Posey,18,129,18129,1,870,0,315
Boone,54,5,54005,1144,796,5119094,160
Randolph,17,157,17157,0,,,340
St. Clair,29,185,29185,0,,,335
Perry,17,145,17145,0,,,315
Crawford,29,55,29055,0,,,340
Fayette,21,67,21067,0,,,300
Washington,29,221,29221,0,,,340
Spencer,18,147,18147,0,,,315
Meade,21,163,21163,85,40,224909,300
Montgomery,21,173,21173,0,,,160
Woodford,21,239,21239,0,,,300
Staunton,51,790,51790,0,,,160A
Vanderburgh,18,163,18163,0,,,315
Harvey,20,79,20079,0,,,370
Reno,20,155,20155,0,,,385
Greenwood,20,73,20073,0,,,335
Essex,51,57,51057,0,,,120
Solano,6,95,6095,67,910,9510833,730
Phelps,29,161,29161,0,,,340
Spencer,21,215,21215,0,,,300
San Miguel,8,113,8113,93,1292,1763722,585
Louisa,51,109,51109,0,,,150
Garfield,49,17,49017,17,110211,9151,630
Hinsdale,8,53,8053,0,,,595
Iron,49,21,49021,0,,,509
Franklin,17,55,17055,0,,,315
Anderson,21,5,21005,0,,,300
Ste. Genevieve,29,186,29186,0,,,340
Morgan,21,175,21175,54,683,81461,160
Bullitt,21,29,21029,0,,,300
Clark,21,49,21049,0,,,160
Richmond,51,159,51159,0,,,120
Contra Costa,6,13,6013,21,54497,2518608,730
Waynesboro,51,820,51820,0,,,160A
Butler,20,15,20015,0,,,370
Rockbridge,51,163,51163,0,,,160A
St. Francois,29,187,29187,0,,,340
Stanislaus,6,99,6099,0,,,730
Edwards,20,47,20047,0,,,385
Hickory,29,85,29085,0,,,340
Charlottesville,51,540,51540,0,,,150
Menifee,21,165,21165,0,,,160
Vernon,29,217,29217,0,,,335
Breckinridge,21,27,21027,49,6770,24914,300
Nelson,51,125,51125,0,,,160A
Woodson,20,207,20207,0,,,335
Allen,20,1,20001,0,,,335
Bourbon,20,11,20011,0,,,335
Accomack,51,1,51001,0,,,120
Northumberland,51,133,51133,0,,,120
Logan,54,45,54045,1404,1970,8721170,160
Pulaski,29,169,29169,0,,,340
Hardin,21,93,21093,4,0,11714,300
Hanover,51,85,51085,0,,,150
Fluvanna,51,65,51065,0,,,150
Huerfano,8,55,8055,26,0,5065118,540
Johnson,21,115,21115,298,962,699488,160
Jessamine,21,113,21113,0,,,300
Gray,20,69,20069,0,,,360
Hancock,21,91,21091,12,1081,84,315
Nelson,21,179,21179,0,,,300
Raleigh,54,81,54081,666,11,3338019,160
Mingo,54,59,54059,1482,3915,9323887,160
King and Queen,51,97,51097,0,,,120
Henderson,21,101,21101,198,275604,435,315
San Juan,8,111,8111,0,,,585
Mercer,21,167,21167,0,,,300
Mineral,8,79,8079,0,,,560
Martin,21,159,21159,767,3115,4110555,160
Alleghany,51,5,51005,0,,,160A
Jackson,17,77,17077,0,,,340
Powell,21,197,21197,27,1732,0,160
Daviess,21,59,21059,43,16727,0,315
Gallatin,17,59,17059,0,,,315
Madison,21,151,21151,0,,,160
Saline,17,165,17165,0,,,315
King William,51,101,51101,0,,,120
Ford,20,57,20057,0,,,360
Sedgwick,20,173,20173,0,,,370
Washington,21,229,21229,0,,,300
Goochland,51,75,51075,0,,,150
Perry,29,157,29157,0,,,340
Union,21,225,21225,215,135948,2954,315
Dolores,8,33,8033,13,0,30076166,585
Dallas,29,59,29059,0,,,340
Alameda,6,1,6001,6,3398,452,730
Mariposa,6,43,6043,0,,,650
Cedar,29,39,29039,0,,,340
Magoffin,21,153,21153,557,26001,581713,160
Laclede,29,105,29105,0,,,340
Williamson,17,199,17199,0,,,315
Summers,54,89,54089,3,0,7499,160
Wolfe,21,237,21237,111,23285,19392,160
Clifton Forge,51,560,51560,0,,,160A
Estill,21,65,21065,209,21480,0,160
Lancaster,51,103,51103,0,,,120
Rio Grande,8,105,8105,0,,,560
Garrard,21,79,21079,0,,,160
Polk,29,167,29167,0,,,340
Pratt,20,151,20151,0,,,385
Amherst,51,9,51009,0,,,160A
San Francisco,6,75,6075,0,,,735
Covington,51,580,51580,0,,,160A
Las Animas,8,71,8071,2700,0,46980325,540
Lexington,51,678,51678,0,,,160A
Wyoming,54,109,54109,1768,4,8327852,160
Botetourt,51,23,51023,0,,,160A
Buckingham,51,29,51029,0,,,150
Dent,29,65,29065,0,,,340
Middlesex,51,119,51119,0,,,120
Madera,6,39,6039,16,0,8264400,625
Floyd,21,71,21071,1172,3840,7667518,160
Pike,21,195,21195,3250,18817,20479274,160
Cumberland,51,49,51049,0,,,150
Buena Vista,51,530,51530,0,,,160A
Iron,29,93,29093,0,,,340
Alamosa,8,3,8003,0,,,560
Ohio,21,183,21183,26,1619,4646,315
Stanton,20,187,20187,0,,,360
Haskell,20,81,20081,0,,,360
Grant,20,67,20067,0,,,360
Larue,21,123,21123,0,,,300
Kiowa,20,97,20097,0,,,385
Wilson,20,205,20205,0,,,365
Neosho,20,133,20133,0,,,365
Marion,21,155,21155,0,,,300
Kingman,20,95,20095,0,,,385
Monroe,54,63,54063,0,,,160A
Lee,21,129,21129,451,64114,0,160
Boyle,21,21,21021,0,,,300
Henrico,51,87,51087,0,,,150
San Mateo,6,81,6081,2,48,0,735
Breathitt,21,25,21025,131,1627,231071,160
Powhatan,51,145,51145,0,,,150
McLean,21,149,21149,62,70116,5518,315
Crawford,20,37,20037,0,,,340
Craig,51,45,51045,0,,,160A
Webster,21,233,21233,106,63043,0,315
Barton,29,11,29011,0,,,340
Madison,29,123,29123,0,,,340
Baca,8,9,8009,85,15518,257285,450
Costilla,8,23,8023,0,,,560
Lincoln,21,137,21137,1,60,0,160
Montezuma,8,83,8083,99,65733,271263174,585
La Plata,8,67,8067,2933,15606,244511054,585
New Kent,51,127,51127,0,,,120
Merced,6,47,6047,0,,,650
Grayson,21,85,21085,99,0,95719,300
Bedford,51,19,51019,0,,,160A
Washington,49,53,49053,0,,,509
Hardin,17,69,17069,0,,,315
Richmond City,51,760,51760,0,,,150
Pope,17,151,17151,0,,,315
Texas,29,215,29215,0,,,340
Union,17,181,17181,0,,,340
Johnson,17,87,17087,0,,,315
Reynolds,29,179,29179,0,,,340
Elk,20,49,20049,0,,,370
Bollinger,29,17,29017,0,,,340
Cape Girardeau,29,31,29031,0,,,340
Gloucester,51,73,51073,0,,,120
Mercer,54,55,54055,239,42,733576,160
Dade,29,57,29057,0,,,340
Jackson,21,109,21109,0,,,160
Fresno,6,19,6019,1782,5432478,1131061,625
Hopkins,21,107,21107,114,35974,106140,315
Chesterfield,51,41,51041,0,,,150
Appomattox,51,11,51011,0,,,150
Northampton,51,131,51131,0,,,120
Casey,21,45,21045,0,,,300
McDowell,54,47,54047,1910,83,13207199,160
Crittenden,21,55,21055,0,,,315
Kane,49,25,49025,0,,,509
Owsley,21,189,21189,12,0,21445,160
Rockcastle,21,203,21203,0,,,160
Knott,21,119,21119,1158,4362,9056164,160
Buchanan,51,27,51027,3494,0,47153611,160
Mathews,51,115,51115,0,,,120
Amelia,51,7,51007,0,,,150
Charles City,51,36,51036,0,,,150
Webster,29,225,29225,0,,,340
Wright,29,229,29229,0,,,340
Santa Clara,6,85,6085,11,14483,13798,730
Taylor,21,217,21217,0,,,300
Giles,51,71,51071,0,,,160A
Sumner,20,191,20191,0,,,370
Cowley,20,35,20035,0,,,370
Lynchburg,51,680,51680,0,,,150
Meade,20,119,20119,4,1313,6676,360
Clark,20,25,20025,10,1250,26494,360
Green,21,87,21087,16,1693,0,300
Barber,20,7,20007,0,,,385
James City,51,95,51095,0,,,120
Inyo,6,27,6027,0,,,625
Hart,21,99,21099,20,10834,0,300
Perry,21,193,21193,771,47927,4926489,160
Campbell,51,31,51031,0,,,150
Archuleta,8,7,8007,126,1675,18813421,560
Greene,29,77,29077,0,,,340
Shannon,29,203,29203,0,,,340
Livingston,21,139,21139,0,,,315
Muhlenberg,21,177,21177,87,28785,4393,315
Roanoke,51,161,51161,0,,,160A
Prince Edward,51,147,51147,0,,,150
Butler,21,31,21031,42,10452,31814,300
Conejos,8,21,8021,0,,,560
Stevens,20,189,20189,0,,,360
Morton,20,129,20129,5,8860,52196,360
Seward,20,175,20175,0,,,360
Harper,20,77,20077,0,,,360
Montgomery,20,125,20125,0,,,365
Labette,20,99,20099,0,,,365
Comanche,20,33,20033,0,,,360
Caldwell,21,33,21033,0,,,315
York,51,199,51199,0,,,120
Montgomery,51,121,51121,0,,,160A
Jasper,29,97,29097,0,,,340
Pulaski,21,199,21199,0,,,160
Clay,21,51,21051,609,2400,975872,160
Bedford City,51,515,51515,0,,,150
Massac,17,127,17127,0,,,315
Alexander,17,3,17003,0,,,340
Tazewell,51,185,51185,782,0,16873140,160
Pulaski,17,153,17153,0,,,315
Cherokee,20,21,20021,0,,,340
Edmonson,21,61,21061,27,270,41262,300
Laurel,21,125,21125,3,0,1253,160
Prince George,51,149,51149,0,,,150
Roanoke City,51,770,51770,0,,,160A
Hopewell,51,670,51670,0,,,120
Leslie,21,131,21131,410,96554,1009433,160
Salem,51,775,51775,0,,,160A
Adair,21,1,21001,67,38007,0,300
Wayne,29,223,29223,0,,,340
Bland,51,21,51021,0,,,160A
Dickenson,51,51,51051,2340,0,24651463,160
Chautauqua,20,19,20019,0,,,370
Nottoway,51,135,51135,0,,,150
Colonial Heights,51,570,51570,0,,,150
Williamsburg,51,830,51830,0,,,120
Lawrence,29,109,29109,0,,,340
Santa Cruz,6,87,6087,0,,,735
Dinwiddie,51,53,51053,0,,,150
Letcher,21,133,21133,1071,41051,7254248,160
Scott,29,201,29201,0,,,340
Charlotte,51,37,51037,0,,,150
Surry,51,181,51181,0,,,120
Petersburg,51,730,51730,0,,,150
Pulaski,51,155,51155,0,,,160A
Newport News,51,700,51700,0,,,120
Franklin,51,67,51067,0,,,160A
Ballard,21,7,21007,0,,,315
McCracken,21,145,21145,0,,,315
Wise,51,195,51195,766,1695,6161230,160
Warren,21,227,21227,206,13824,49074,300
Russell,21,207,21207,10,342,2240,300
Lyon,21,143,21143,0,,,315
Metcalfe,21,169,21169,22,3305,10,300
Poquoson City,51,735,51735,0,,,120
Barren,21,9,21009,22,1182,0,300
Christian,21,47,21047,53,1000,142085,300
Radford,51,750,51750,0,,,160A
Isle of Wight,51,93,51093,0,,,120
Russell,51,167,51167,664,0,8179101,160A
Pittsylvania,51,143,51143,0,,,150
Stoddard,29,207,29207,0,,,340
Floyd,51,63,51063,0,,,160A
Lunenburg,51,111,51111,0,,,150
Sussex,51,183,51183,0,,,120
Hampton,51,650,51650,0,,,120
Carter,29,35,29035,0,,,340
Christian,29,43,29043,0,,,340
Mississippi,29,133,29133,0,,,315
Todd,21,219,21219,8,792,12926,300
Logan,21,141,21141,1,12,0,300
Wythe,51,197,51197,0,,,160A
Douglas,29,67,29067,0,,,340
Marshall,21,157,21157,0,,,315
Newton,29,145,29145,0,,,340
Howell,29,91,29091,0,,,340
Knox,21,121,21121,315,78530,463532,160
Halifax,51,83,51083,0,,,150
Brunswick,51,25,51025,0,,,150
Harlan,21,95,21095,354,7070,943352,160
Smyth,51,173,51173,0,,,160A
Trigg,21,221,21221,0,,,300
Navajo,4,17,4017,0,,,585
Coconino,4,5,4005,0,,,585
Craig,40,35,40035,23,1238,22994,365
Nowata,40,105,40105,808,60210,675251,365
Ottawa,40,115,40115,0,,,340
Osage,40,113,40113,2116,2718721,765173,370
Kay,40,71,40071,972,598715,2362084,370
Washington,40,147,40147,1354,146903,389205,365
Union,35,59,35059,323,0,30004870,360
San Juan,35,45,35045,11770,4822960,307017028,585
Rio Arriba,35,39,35039,8324,985143,210376769,560
Alfalfa,40,3,40003,1267,3204603,54248720,360
Grant,40,53,40053,631,487726,5833395,360
Cimarron,40,25,40025,69,104095,198561,360
Woods,40,151,40151,1730,2959925,43206519,360
Mohave,4,15,4015,0,,,509
Wayne,21,231,21231,6,1162,0,160
Beaver,40,7,40007,2021,478742,17494440,360
Texas,40,139,40139,2138,1684480,25298355,360
Southampton,51,175,51175,0,,,150
Apache,4,1,4001,17,5581,69835,585
Harper,40,59,40059,822,115318,8531947,360
Taos,35,55,35055,0,,,560
Colfax,35,7,35007,819,0,15208506,560
Stone,29,209,29209,0,,,340
San Benito,6,69,6069,15,10664,14607,735
Whitley,21,235,21235,209,2833,349043,160
Carlisle,21,39,21039,0,,,250
Norfolk,51,710,51710,0,,,120
McCreary,21,147,21147,27,254,47642,160
Bell,21,13,21013,332,25777,745635,160
Norton,51,720,51720,0,,,160A
Graves,21,83,21083,0,,,250
Cumberland,21,57,21057,79,3623,0,300
Allen,21,3,21003,32,3667,4363,300
Virginia Beach,51,810,51810,0,,,120
Carroll,51,35,51035,0,,,160A
Barry,29,9,29009,0,,,340
Washington,51,191,51191,0,,,160A
Butler,29,23,29023,0,,,340
Suffolk,51,800,51800,0,,,120
Monterey,6,53,6053,700,7178597,915077,735
Greensville,51,81,51081,0,,,150
Mecklenburg,51,117,51117,0,,,150
Lee,51,105,51105,52,3068,99322,160A
Simpson,21,213,21213,5,200,0,300
Scott,51,169,51169,22,0,102776,160A
Clinton,21,53,21053,45,5040,0,300
Oregon,29,149,29149,0,,,340
Patrick,51,141,51141,0,,,150
New Madrid,29,143,29143,0,,,250
Chesapeake,51,550,51550,0,,,120
Clark,32,3,32003,0,,,625
Henry,51,89,51089,0,,,150
Monroe,21,171,21171,13,2991,0,300
Portsmouth,51,740,51740,0,,,120
Ripley,29,181,29181,0,,,340
Taney,29,213,29213,0,,,340
Woodward,40,153,40153,1131,308956,15620238,360
Grayson,51,77,51077,0,,,160A
Ozark,29,153,29153,0,,,340
Hickman,21,105,21105,0,,,250
McDonald,29,119,29119,0,,,340
Calloway,21,35,21035,0,,,300
Tulare,6,107,6107,72,29609,0,625
Emporia,51,595,51595,0,,,150
Martinsville,51,690,51690,0,,,150
South Boston,51,780,51780,0,,,150
Galax,51,640,51640,0,,,150
Franklin City,51,620,51620,0,,,120
Stewart,47,161,47161,0,,,300
Delaware,40,41,40041,0,,,340
Robertson,47,147,47147,0,,,300
Sumner,47,165,47165,0,,,300
Montgomery,47,125,47125,0,,,300
Macon,47,111,47111,0,,,300
Danville,51,590,51590,0,,,150
Dunklin,29,69,29069,0,,,340
Clay,47,27,47027,0,,,300
Pickett,47,137,47137,0,,,160
Bristol,51,520,51520,0,,,160A
Sullivan,47,163,47163,0,,,160A
Johnson,47,91,47091,0,,,160A
Noble,40,103,40103,737,733724,2971285,360
Scott,47,151,47151,0,,,160
Rogers,40,131,40131,349,11705,275222,355
Hancock,47,67,47067,0,,,160A
Claiborne,47,25,47025,1,0,2001,160A
Campbell,47,13,47013,0,,,160
Ellis,40,45,40045,1504,5044184,37983838,360
Garfield,40,47,40047,1340,1565344,24593347,360
Hawkins,47,73,47073,0,,,160A
Ashe,37,9,37009,0,,,150
Fentress,47,49,47049,0,,,160
Alleghany,37,5,37005,0,,,150
Surry,37,171,37171,0,,,150
Fulton,21,75,21075,0,,,250
Pawnee,40,117,40117,495,410092,279222,355
Currituck,37,53,37053,0,,,120
Northampton,37,131,37131,0,,,150
Hertford,37,91,37091,0,,,120
Camden,37,29,37029,0,,,120
Gates,37,73,37073,0,,,120
Warren,37,185,37185,0,,,150
Stokes,37,169,37169,0,,,150
Caswell,37,33,37033,0,,,150
Rockingham,37,157,37157,0,,,150
Granville,37,77,37077,0,,,150
Person,37,145,37145,0,,,150
Vance,37,181,37181,0,,,150
Overton,47,133,47133,0,,,160
Jackson,47,87,47087,0,,,300
Mayes,40,97,40097,80,8233,72124,355
Halifax,37,83,37083,0,,,150
Major,40,93,40093,2048,3599185,35169687,360
Pasquotank,37,139,37139,0,,,120
Carter,47,19,47019,0,,,160A
Lake,47,95,47095,0,,,250
Obion,47,131,47131,0,,,250
Weakley,47,183,47183,0,,,250
Henry,47,79,47079,0,,,300
Trousdale,47,169,47169,0,,,300
Lipscomb,48,295,48295,1710,1711546,39071333,360
Sherman,48,421,48421,865,74573,13044278,360
Clay,5,21,5021,0,,,340
Dallam,48,111,48111,0,,,360
Hansford,48,195,48195,672,227363,8952194,360
Baxter,5,5,5005,0,,,340
Fulton,5,49,5049,0,,,340
Sharp,5,135,5135,0,,,340
Randolph,5,121,5121,0,,,340
Benton,5,7,5007,0,,,340
Marion,5,89,5089,0,,,340
Carroll,5,15,5015,0,,,340
Boone,5,9,5009,0,,,340
Ochiltree,48,357,48357,1577,3378255,26879609,360
Kings,6,31,6031,130,113674,316832,745
Cheatham,47,21,47021,0,,,300
Washington,47,179,47179,0,,,160A
Union,47,173,47173,0,,,160A
Tulsa,40,143,40143,658,178708,95838,355
Wilkes,37,193,37193,0,,,150
Pemiscot,29,155,29155,0,,,250
Smith,47,159,47159,0,,,300
Grainger,47,57,47057,0,,,160A
Greene,47,59,47059,0,,,160A
Davidson,47,37,47037,0,,,300
Watauga,37,189,37189,0,,,150
Perquimans,37,143,37143,0,,,120
Houston,47,83,47083,0,,,300
Morgan,47,129,47129,0,,,160
Benton,47,5,47005,0,,,300
Wilson,47,189,47189,0,,,300
Hamblen,47,63,47063,0,,,160A
Chowan,37,41,37041,0,,,120
Dickson,47,43,47043,0,,,300
Putnam,47,141,47141,0,,,160
Madison,5,87,5087,2,0,6004,340
Anderson,47,1,47001,0,,,160
Avery,37,11,37011,0,,,150
Yadkin,37,197,37197,0,,,150
Greene,5,55,5055,0,,,340
Mora,35,33,35033,0,,,560
Lawrence,5,75,5075,0,,,340
Franklin,37,69,37069,0,,,150
Izard,5,65,5065,0,,,340
Unicoi,47,171,47171,0,,,160A
Forsyth,37,67,37067,0,,,150
Payne,40,119,40119,729,855791,5421218,355
Humphreys,47,85,47085,0,,,300
Guilford,37,81,37081,0,,,150
Alamance,37,1,37001,0,,,150
Bertie,37,15,37015,0,,,120
Washington,5,143,5143,0,,,340
Orange,37,135,37135,0,,,150
Durham,37,63,37063,0,,,150
Gibson,47,53,47053,0,,,250
Harding,35,21,35021,357,0,36302345,455
Sandoval,35,43,35043,404,2203893,10072914,460
Dyer,47,45,47045,0,,,250
Nash,37,127,37127,0,,,150
Knox,47,93,47093,0,,,160A
Jefferson,47,89,47089,0,,,160A
Cocke,47,29,47029,0,,,160A
Cherokee,40,21,40021,1,0,18731,355
Creek,40,37,40037,2880,1647325,486385,355
Cumberland,47,35,47035,0,,,160
Adair,40,1,40001,0,,,340
Kingfisher,40,73,40073,2524,28434256,193422623,360
Logan,40,83,40083,848,1504674,17356378,360
Wagoner,40,145,40145,78,8127,3050,355
Blaine,40,11,40011,1345,13033409,268555285,360
Dewey,40,43,40043,1066,2881355,71547480,360
Carroll,47,17,47017,0,,,300
Mitchell,37,121,37121,0,,,160A
Edgecombe,37,65,37065,0,,,150
De Kalb,47,41,47041,0,,,160
Newton,5,101,5101,0,,,340
Searcy,5,129,5129,0,,,340
Caldwell,37,27,37027,0,,,150
Stone,5,137,5137,0,,,340
Rutherford,47,149,47149,0,,,300
White,47,185,47185,0,,,160
Yancey,37,199,37199,0,,,160A
Martin,37,117,37117,0,,,120
Wake,37,183,37183,0,,,150
Roberts,48,393,48393,1051,1200421,31094019,360
Hemphill,48,211,48211,2369,1917577,82032619,360
Roane,47,145,47145,0,,,160
Hutchinson,48,233,48233,2718,452059,5275199,360
Hartley,48,205,48205,106,187934,921203,360
Williamson,47,187,47187,0,,,300
Moore,48,341,48341,2051,163650,23208109,360
Madison,37,115,37115,0,,,160A
Iredell,37,97,37097,0,,,150
Davie,37,59,37059,0,,,150
Sevier,47,155,47155,0,,,160A
Alexander,37,3,37003,0,,,150
Davidson,37,57,37057,0,,,150
Roger Mills,40,129,40129,2273,1596489,62676519,360
Santa Fe,35,49,35049,0,,,455
McKinley,35,31,35031,21,9440,105640,590
Hickman,47,81,47081,0,,,300
Mississippi,5,93,5093,0,,,250
Crockett,47,33,47033,0,,,250
Burke,37,23,37023,0,,,150
Craighead,5,31,5031,0,,,340
Los Alamos,35,28,35028,0,,,460
Cannon,47,15,47015,0,,,300
Washington,37,187,37187,0,,,120
Tyrrell,37,177,37177,0,,,120
McDowell,37,111,37111,0,,,150
Lauderdale,47,97,47097,0,,,250
Lincoln,40,81,40081,757,542123,11197198,355
Independence,5,63,5063,61,0,2097325,340
Randolph,37,151,37151,0,,,150
Loudon,47,105,47105,0,,,160A
Jackson,5,67,5067,19,0,928979,340
San Miguel,35,47,35047,0,,,455
Blount,47,9,47009,0,,,160A
Chatham,37,37,37037,0,,,150
Muskogee,40,101,40101,227,29248,66793,355
Okmulgee,40,111,40111,1044,185445,825161,355
Warren,47,177,47177,0,,,160
Decatur,47,39,47039,0,,,300
Maury,47,119,47119,0,,,300
Wilson,37,195,37195,0,,,150
Rowan,37,159,37159,0,,,150
Perry,47,135,47135,0,,,300
Rhea,47,143,47143,0,,,160
Van Buren,47,175,47175,0,,,160
Pitt,37,147,37147,0,,,120
Henderson,47,77,47077,0,,,300
Catawba,37,35,37035,0,,,150
Haywood,47,75,47075,0,,,250
Buncombe,37,21,37021,0,,,150
Johnston,37,101,37101,0,,,150
Custer,40,39,40039,1104,1291791,106066391,360
Kern,6,29,6029,37442,103232080,124285322,625
San Bernardino,6,71,6071,24,7157,34740,625
San Luis Obispo,6,79,6079,194,564143,519393,745
Madison,47,113,47113,0,,,250
Van Buren,5,141,5141,1451,0,107841261,345
Haywood,37,87,37087,0,,,160A
Bledsoe,47,7,47007,0,,,160
Franklin,5,47,5047,701,0,11864189,345
Johnson,5,71,5071,225,0,3057041,345
Dare,37,55,37055,0,,,120
Crawford,5,33,5033,316,0,2918414,345
Meigs,47,121,47121,0,,,160A
Quay,35,37,35037,1,0,64723,445
Beaufort,37,13,37013,0,,,120
Pope,5,115,5115,158,0,3257743,345
Canadian,40,17,40017,2247,17243801,339594341,360
Oklahoma,40,109,40109,502,2221626,10222553,360
Marshall,47,117,47117,0,,,300
Cleburne,5,23,5023,1027,0,86490532,345
Coffee,47,31,47031,0,,,160
Poinsett,5,111,5111,0,,,250
Bedford,47,3,47003,0,,,300
Swain,37,173,37173,0,,,160A
Monroe,47,123,47123,0,,,160A
Lewis,47,101,47101,0,,,300
Greene,37,79,37079,0,,,120
McMinn,47,107,47107,0,,,160A
Okfuskee,40,107,40107,579,225696,5842333,355
Sequoyah,40,135,40135,108,0,817444,355
Tipton,47,167,47167,0,,,250
Potter,48,375,48375,1034,510892,11259109,360
Carson,48,65,48065,1382,119280,7380763,360
Gray,48,179,48179,3222,906712,6681202,360
Wheeler,48,483,48483,2232,2596969,83334472,360
Oldham,48,359,48359,56,294469,589774,360
Lee,37,105,37105,0,,,150
Rutherford,37,161,37161,0,,,150
Chester,47,23,47023,0,,,250
Wayne,37,191,37191,0,,,150
Harnett,37,85,37085,0,,,150
Sequatchie,47,153,47153,0,,,160
Cleveland,37,45,37045,0,,,150
McIntosh,40,91,40091,325,2786,13661029,355
Lincoln,37,109,37109,0,,,150
Caddo,40,15,40015,1399,1751739,49362862,360
Grundy,47,61,47061,0,,,160
Yavapai,4,25,4025,0,,,635
White,5,145,5145,1264,0,91774299,345
Jackson,37,99,37099,0,,,150
Moore,37,125,37125,0,,,150
Mecklenburg,37,119,37119,0,,,150
Cabarrus,37,25,37025,0,,,150
Beckham,40,9,40009,824,625209,29802449,360
Montgomery,37,123,37123,0,,,150
Stanly,37,167,37167,0,,,150
Wayne,47,181,47181,0,,,300
Henderson,37,89,37089,0,,,150
Shelby,47,157,47157,0,,,250
Washita,40,149,40149,872,594070,42135116,360
Pottawatomie,40,125,40125,956,870457,803719,355
Haskell,40,61,40061,1292,0,14605093,355
Hamilton,47,65,47065,0,,,160
Conway,5,29,5029,1118,0,92927274,345
Lawrence,47,99,47099,0,,,300
Giles,47,55,47055,0,,,300
Graham,37,75,37075,0,,,160A
Seminole,40,133,40133,1428,1311804,6603225,355
Sebastian,5,131,5131,954,0,16064389,345
Cross,5,37,5037,0,,,250
Woodruff,5,147,5147,1,2342,0,345
Crittenden,5,35,5035,0,,,250
Hardeman,47,69,47069,0,,,250
Hardin,47,71,47071,0,,,300
Logan,5,83,5083,1000,0,17553390,345
Lenoir,37,107,37107,0,,,120
Moore,47,127,47127,0,,,160
Transylvania,37,175,37175,0,,,150
Gaston,37,71,37071,0,,,150
Fayette,47,47,47047,0,,,250
Le Flore,40,79,40079,1210,0,16379794,345
Polk,37,149,37149,0,,,150
McNairy,47,109,47109,0,,,250
Cleveland,40,27,40027,237,347276,741914,360
Lincoln,47,103,47103,0,,,160
Grady,40,51,40051,2413,29003760,340169400,360
Faulkner,5,45,5045,425,0,36783517,345
Franklin,47,51,47051,0,,,160
Bradley,47,11,47011,0,,,160A
Cibola,35,6,35006,0,,,590
McClain,40,87,40087,954,7535460,33160831,360
Marion,47,115,47115,0,,,160
Macon,37,113,37113,0,,,150
Sampson,37,163,37163,0,,,150
Pittsburg,40,121,40121,2689,28931,139570533,355
Pamlico,37,137,37137,0,,,120
Yell,5,149,5149,182,0,2484539,345
Hughes,40,63,40063,1551,280871,115632339,355
Cherokee,37,39,37039,0,,,160A
Polk,47,139,47139,0,,,160A
Cumberland,37,51,37051,0,,,150
Jones,37,103,37103,0,,,120
Bernalillo,35,1,35001,0,,,460
Guadalupe,35,19,35019,0,,,435
Greenville,45,45,45045,0,,,150
Union,37,179,37179,0,,,150
Anson,37,7,37007,0,,,150
Hoke,37,93,37093,0,,,150
Spartanburg,45,83,45083,0,,,150
Hyde,37,95,37095,0,,,120
Duplin,37,61,37061,0,,,120
Cherokee,45,21,45021,0,,,150
Randall,48,381,48381,0,,,360
Armstrong,48,11,48011,0,,,360
Collingsworth,48,87,48087,324,3792,789802,360
Donley,48,129,48129,4,223,9907,360
Deaf Smith,48,117,48117,0,,,435
Richmond,37,153,37153,0,,,150
York,45,91,45091,0,,,150
Clay,37,43,37043,0,,,150
St. Francis,5,123,5123,0,,,250
Kiowa,40,75,40075,94,7919,1058746,360
Greer,40,55,40055,15,533,28490,360
Perry,5,105,5105,0,,,345
Scott,5,127,5127,186,0,1817428,345
Prairie,5,117,5117,0,,,345
Pickens,45,77,45077,0,,,150
Lonoke,5,85,5085,0,,,345
Latimer,40,77,40077,1366,0,39273282,345
Craven,37,49,37049,0,,,120
Lancaster,45,57,45057,0,,,150
Oconee,45,73,45073,0,,,150
Torrance,35,57,35057,0,,,435
Scotland,37,165,37165,0,,,120
Harmon,40,57,40057,2,2816,0,360
Pulaski,5,119,5119,0,,,345
Lauderdale,1,77,1077,0,,,300
Limestone,1,83,1083,0,,,160A
Monroe,5,95,5095,0,,,250
Alcorn,28,3,28003,0,,,250
Tishomingo,28,141,28141,0,,,300
Tippah,28,139,28139,0,,,250
Benton,28,9,28009,0,,,250
De Soto,28,33,28033,0,,,250
Marshall,28,93,28093,0,,,250
Rabun,13,241,13241,0,,,150
Madison,1,89,1089,0,,,160A
Jackson,1,71,1071,0,,,160
Whitfield,13,313,13313,0,,,160A
Murray,13,213,13213,0,,,160A
Catoosa,13,47,13047,0,,,160A
Dade,13,83,13083,0,,,160
Walker,13,295,13295,0,,,160A
Towns,13,281,13281,0,,,150
Union,13,291,13291,0,,,150
Fannin,13,111,13111,0,,,160A
Onslow,37,133,37133,0,,,120
Pontotoc,40,123,40123,1219,1739330,347081,355
Curry,35,9,35009,0,,,435
Valencia,35,61,35061,0,,,460
Robeson,37,155,37155,0,,,120
Lee,5,77,5077,0,,,250
Union,45,87,45087,0,,,150
Colbert,1,33,1033,0,,,300
Ventura,6,111,6111,1339,5847815,5801475,745
Tunica,28,143,28143,0,,,250
Carteret,37,31,37031,0,,,120
Garvin,40,49,40049,1941,9649061,143429526,360
Saline,5,125,5125,0,,,345
De Kalb,1,49,1049,0,,,160A
Comanche,40,31,40031,533,49768,687679,360
Jackson,40,65,40065,42,46015,20931,435
Bladen,37,17,37017,0,,,120
Gilmer,13,123,13123,0,,,160A
Chester,45,23,45023,0,,,150
Habersham,13,137,13137,0,,,150
Anderson,45,7,45007,0,,,150
Chesterfield,45,25,45025,0,,,150
Lawrence,1,79,1079,0,,,300
Marlboro,45,69,45069,0,,,120
White,13,311,13311,0,,,150
Tate,28,137,28137,0,,,250
Laurens,45,59,45059,0,,,150
Garland,5,51,5051,0,,,345
De Baca,35,11,35011,0,,,435
Coal,40,29,40029,741,113421,77047889,355
Prentiss,28,117,28117,0,,,250
Montgomery,5,97,5097,0,,,345
Parmer,48,369,48369,0,,,435
Castro,48,69,48069,0,,,435
Swisher,48,437,48437,0,,,435
Briscoe,48,45,48045,0,,,435
Childress,48,75,48075,3,1928,0,435
Hall,48,191,48191,0,,,435
Polk,5,113,5113,0,,,345
Pender,37,141,37141,0,,,120
Lumpkin,13,187,13187,0,,,150
Pushmataha,40,127,40127,37,0,2187360,345
Atoka,40,5,40005,150,4320,12583776,345
Stephens,40,137,40137,3987,7396373,130515063,360
Morgan,1,103,1103,0,,,160A
Stephens,13,257,13257,0,,,150
Phillips,5,107,5107,0,,,250
Murray,40,99,40099,49,117524,42002,345
Tillman,40,141,40141,61,116101,0,435
Gordon,13,129,13129,0,,,160A
Dillon,45,33,45033,0,,,120
Dawson,13,85,13085,0,,,150
Kershaw,45,55,45055,0,,,150
Union,28,145,28145,0,,,250
Marshall,1,95,1095,0,,,160A
Roosevelt,35,41,35041,147,449496,1459968,435
Catron,35,3,35003,0,,,590
Floyd,13,115,13115,0,,,160A
Chattooga,13,55,13055,0,,,160A
Socorro,35,53,35053,0,,,460
Franklin,1,59,1059,0,,,200
Hardeman,48,197,48197,207,563949,117152,435
Arkansas,5,1,5001,0,,,250
Lafayette,28,71,28071,0,,,250
Panola,28,107,28107,0,,,250
Fairfield,45,39,45039,0,,,150
Pickens,13,227,13227,0,,,160A
Franklin,13,119,13119,0,,,150
Coahoma,28,27,28027,0,,,250
Darlington,45,31,45031,0,,,120
Newberry,45,71,45071,0,,,150
Cherokee,1,19,1019,0,,,160A
Lee,28,81,28081,5,0,41091,200
Gila,4,7,4007,0,,,635
Quitman,28,119,28119,0,,,250
Johnston,40,69,40069,63,484731,6707136,345
Carter,40,19,40019,2630,5673265,41404104,350
Hot Spring,5,59,5059,0,,,400
McCurtain,40,89,40089,0,,,345
Cotton,40,33,40033,272,55928,26470,435
Hall,13,139,13139,0,,,150
Grant,5,53,5053,0,,,400
Jefferson,5,69,5069,0,,,400
Hart,13,147,13147,0,,,150
Banks,13,11,13011,0,,,150
Abbeville,45,1,45001,0,,,150
Columbus,37,47,37047,0,,,120
Itawamba,28,57,28057,0,,,200
Wilbarger,48,487,48487,1007,615903,93466,435
Bartow,13,15,13015,0,,,160A
Cherokee,13,57,13057,0,,,160A
Greenwood,45,47,45047,0,,,150
New Hanover,37,129,37129,0,,,120
Pontotoc,28,115,28115,3,0,55086,200
Lee,45,61,45061,0,,,150
Brunswick,37,19,37019,0,,,120
Howard,5,61,5061,0,,,400
Pike,5,109,5109,0,,,400
Lincoln,35,27,35027,0,,,435
Clark,5,19,5019,0,,,400
La Paz,4,12,4012,0,,,635
Forsyth,13,117,13117,0,,,150
Marion,1,93,1093,2,0,25734,200
Motley,48,345,48345,22,33059,3955,435
Cullman,1,43,1043,0,,,160A
Cottle,48,101,48101,102,91393,1819352,435
Winston,1,133,1133,0,,,200
Floyd,48,153,48153,0,,,435
Hale,48,189,48189,140,737771,835072,435
Lamb,48,279,48279,107,260437,482559,435
Bailey,48,17,48017,0,,,435
Florence,45,41,45041,0,,,120
Horry,45,51,45051,0,,,120
Jackson,13,157,13157,0,,,150
Marion,45,67,45067,0,,,120
Jefferson,40,67,40067,319,195527,671059,350
Elbert,13,105,13105,0,,,150
Madison,13,195,13195,0,,,150
Blount,1,9,1009,0,,,160A
Richland,45,79,45079,0,,,150
Foard,48,155,48155,206,65470,48826,435
Etowah,1,55,1055,0,,,160A
Sevier,5,133,5133,0,,,400
Lexington,45,63,45063,0,,,150
Yalobusha,28,161,28161,0,,,200
Wichita,48,485,48485,4804,1152377,679759,435
Fulton,13,121,13121,0,,,150
Marshall,40,95,40095,467,708493,19408825,350
Lincoln,5,79,5079,0,,,240
Saluda,45,81,45081,0,,,150
Gwinnett,13,135,13135,0,,,150
Tallahatchie,28,135,28135,0,,,200
Calhoun,28,13,28013,0,,,200
Bryan,40,13,40013,38,21804,1314722,350
Choctaw,40,23,40023,0,,,400
Sumter,45,85,45085,0,,,150
Dallas,5,39,5039,0,,,400
Clay,48,77,48077,1136,368621,1451767,435
Barrow,13,13,13013,0,,,150
Desha,5,41,5041,0,,,250
Bolivar,28,11,28011,0,,,250
Cobb,13,67,13067,0,,,160A
Polk,13,233,13233,0,,,160A
Chaves,35,5,35005,1797,1288266,9594383,435
Monroe,28,95,28095,46,13257,593461,200
Paulding,13,223,13223,0,,,160A
Chickasaw,28,17,28017,18,3243,138928,200
Riverside,6,65,6065,0,,,640
McCormick,45,65,45065,0,,,150
Love,40,85,40085,295,2497890,7569857,350
Cleveland,5,25,5025,0,,,400
Lamar,1,75,1075,115,27534,876691,200
Clarke,13,59,13059,0,,,150
Oglethorpe,13,221,13221,0,,,150
Maricopa,4,13,4013,0,,,475
Santa Barbara,6,83,6083,861,2635360,9608476,745
Hempstead,5,57,5057,3,2293,0,400
Walker,1,127,1127,208,0,1589010,160A
Sunflower,28,133,28133,0,,,200
Montague,48,337,48337,3108,1101774,49048918,350
Wilkes,13,317,13317,0,,,150
St. Clair,1,115,1115,0,,,160A
Lincoln,13,181,13181,0,,,150
Edgefield,45,37,45037,0,,,150
Calhoun,1,15,1015,0,,,160A
Oconee,13,219,13219,0,,,150
De Kalb,13,89,13089,0,,,150
Red River,48,387,48387,31,63461,0,400
Nevada,5,99,5099,44,124738,25008,400
Grayson,48,181,48181,677,898737,4182785,350
Cleburne,1,29,1029,0,,,160A
Orange,6,59,6059,675,1759936,786059,640
Cooke,48,97,48097,2213,949065,9358829,350
Little River,5,81,5081,0,,,400
Clarendon,45,27,45027,0,,,120
Lamar,48,277,48277,0,,,400
Walton,13,297,13297,0,,,150
Fayette,1,57,1057,92,35412,595541,200
Haralson,13,143,13143,0,,,160A
Grenada,28,43,28043,0,,,200
Fannin,48,147,48147,0,,,350
Williamsburg,45,89,45089,0,,,120
Calhoun,45,17,45017,0,,,120
Aiken,45,3,45003,0,,,150
Jefferson,1,73,1073,845,0,10799863,160A
King,48,269,48269,430,1478575,234742,435
Dickens,48,125,48125,194,376185,22115,430
Crosby,48,107,48107,635,683105,6631,430
Lubbock,48,303,48303,449,963677,58604,430
Archer,48,9,48009,2465,749558,226791,435
Hockley,48,219,48219,3623,10664659,5751567,430
Knox,48,275,48275,171,125024,223,435
Baylor,48,23,48023,123,60784,4367,435
Cochran,48,79,48079,1837,2827546,1853328,430
Ouachita,5,103,5103,123,288143,3811,400
Carroll,13,45,13045,0,,,150
Leflore,28,83,28083,1,19900,0,200
Clay,28,25,28025,13,1278,41160,200
Morgan,13,211,13211,0,,,150
Calhoun,5,13,5013,18,6334,200,400
Douglas,13,97,13097,0,,,150
Drew,5,43,5043,0,,,240
Rockdale,13,247,13247,0,,,150
Greenlee,4,11,4011,0,,,590
Georgetown,45,43,45043,0,,,120
Greene,13,133,13133,0,,,150
Lowndes,28,87,28087,28,14577,206844,200
Newton,13,217,13217,0,,,150
Webster,28,155,28155,0,,,200
Taliaferro,13,265,13265,0,,,150
Bradley,5,11,5011,1,7484,0,240
Orangeburg,45,75,45075,0,,,120
Bowie,48,37,48037,9,26898,8566,400
Columbia,13,73,13073,0,,,150
Talladega,1,121,1121,0,,,160A
Carroll,28,15,28015,0,,,200
Montgomery,28,97,28097,0,,,200
McDuffie,13,189,13189,0,,,150
Graham,4,9,4009,0,,,590
Clayton,13,63,13063,0,,,150
Henry,13,151,13151,0,,,150
Tuscaloosa,1,125,1125,3893,3,32585514,160A
Warren,13,301,13301,0,,,150
Miller,5,91,5091,81,221585,2257,230
Oktibbeha,28,105,28105,10,0,1208341,200
Lea,35,25,35025,13320,212295938,632817258,430
Chicot,5,17,5017,0,,,240
Fayette,13,113,13113,0,,,150
Shelby,1,117,1117,287,0,1269427,160A
Richmond,13,245,13245,0,,,150
Pickens,1,107,1107,87,88875,1064082,200
Washington,28,151,28151,0,,,240
Choctaw,28,19,28019,0,,,200
Jasper,13,159,13159,0,,,150
Berkeley,45,15,45015,0,,,120
Coweta,13,77,13077,0,,,150
San Diego,6,73,6073,0,,,645
Randolph,1,111,1111,0,,,150
Clay,1,27,1027,0,,,160A
Yuma,4,27,4027,0,,,475
Delta,48,119,48119,0,,,400
Barnwell,45,11,45011,0,,,120
Lafayette,5,73,5073,133,285343,606434,230
Sierra,35,51,35051,0,,,475
Los Angeles,6,37,6037,2095,7749237,45550656,745
Putnam,13,237,13237,0,,,150
Pinal,4,21,4021,0,,,475
Jack,48,237,48237,2317,878486,13147147,420
Hancock,13,141,13141,0,,,150
Columbia,5,27,5027,418,1081590,3815944,230
Butts,13,35,13035,0,,,150
Imperial,6,25,6025,0,,,475
Wise,48,497,48497,4524,476964,172806327,350
Denton,48,121,48121,2655,185978,135280638,350
Bamberg,45,9,45009,0,,,120
Heard,13,149,13149,0,,,150
Hunt,48,231,48231,2,467,0,400
Collin,48,85,48085,0,,,350
Ashley,5,3,5003,2,6611,0,240
Titus,48,449,48449,196,285574,1233,400
Haskell,48,207,48207,296,753824,908457,430
Throckmorton,48,447,48447,953,571194,2035728,430
Young,48,503,48503,2328,824436,2025919,420
Kent,48,263,48263,583,2972413,5441976,430
Stonewall,48,433,48433,606,1349195,2338086,430
Franklin,48,159,48159,172,317157,867147,400
Otero,35,35,35035,0,,,465
Union,5,139,5139,401,618972,3463632,230
Garza,48,169,48169,2174,1911931,201391,430
Lynn,48,305,48305,85,176893,59442,430
Terry,48,445,48445,838,2586359,366209,430
Holmes,28,51,28051,1,85,0,210
Yoakum,48,501,48501,3836,22095742,38737751,430
Hopkins,48,223,48223,71,141761,99111,260
Morris,48,343,48343,5,29455,20078,400
Spalding,13,255,13255,0,,,150
Humphreys,28,53,28053,0,,,240
Dorchester,45,35,45035,0,,,120
Glascock,13,125,13125,0,,,150
Jefferson,13,163,13163,0,,,150
Cass,48,67,48067,208,475926,470577,230
Burke,13,33,13033,0,,,120
Attala,28,7,28007,0,,,200
Noxubee,28,103,28103,0,,,200
Winston,28,159,28159,0,,,200
Bibb,1,7,1007,60,0,406163,160A
Washington,13,303,13303,0,,,150
Meriwether,13,199,13199,0,,,150
Troup,13,285,13285,0,,,150
Grant,35,17,35017,0,,,475
Lamar,13,171,13171,0,,,150
Monroe,13,207,13207,0,,,150
Pike,13,231,13231,0,,,150
Baldwin,13,9,13009,0,,,150
Jones,13,169,13169,0,,,150
Colleton,45,29,45029,0,,,120
Greene,1,63,1063,0,,,200
Allendale,45,5,45005,0,,,120
Chambers,1,17,1017,0,,,150
Tallapoosa,1,123,1123,0,,,150
Coosa,1,37,1037,0,,,160A
Sharkey,28,125,28125,0,,,210
Camp,48,63,48063,102,55960,34373,260
Chilton,1,21,1021,0,,,160A
Dona Ana,35,13,35013,0,,,475
Screven,13,251,13251,0,,,120
Yazoo,28,163,28163,161,1808788,859336,210
Hampton,45,49,45049,0,,,120
Caddo,22,17,22017,9827,1349483,431312952,230
Charleston,45,19,45019,0,,,120
Bossier,22,15,22015,1681,624324,262870991,230
Issaquena,28,55,28055,0,,,230
Webster,22,119,22119,840,471574,19145175,230
Claiborne,22,27,22027,652,800640,8072522,230
Union,22,111,22111,3689,47037,2240445,230
Hale,1,65,1065,0,,,160A
Wood,48,499,48499,673,3320428,53896900,260
Morehouse,22,67,22067,718,0,264483,230
West Carroll,22,123,22123,0,,,230
East Carroll,22,35,22035,0,,,230
Wilkinson,13,319,13319,0,,,150
Palo Pinto,48,363,48363,1332,96721,5926148,420
Upson,13,293,13293,0,,,150
Parker,48,367,48367,1411,50842,53949854,420
Tarrant,48,439,48439,3709,6087,354504035,400
Dallas,48,113,48113,26,0,5500718,400
Rockwall,48,397,48397,0,,,400
Sumter,1,119,1119,0,,,200
Rains,48,379,48379,2,320,0,260
Eddy,35,15,35015,13337,147756344,738680661,465
Shackelford,48,417,48417,1436,321815,1142365,430
Jones,48,253,48253,692,450989,182325,430
Fisher,48,151,48151,565,1864098,2424995,430
Scurry,48,415,48415,2607,14340383,41336844,430
Borden,48,33,48033,697,6645878,7373461,430
Dawson,48,115,48115,1253,3276822,1594819,430
Stephens,48,429,48429,2219,1602944,7617033,425
Gaines,48,165,48165,4191,25001715,19300929,430
Bibb,13,21,13021,0,,,150
Jenkins,13,165,13165,0,,,130
Neshoba,28,99,28099,0,,,200
Leake,28,79,28079,0,,,200
Kemper,28,69,28069,0,,,200
Upshur,48,459,48459,752,232185,21027472,260
Twiggs,13,289,13289,0,,,150
Madison,28,89,28089,13,14131,45571515,210
Marion,48,315,48315,322,381658,1399494,230
Talbot,13,263,13263,0,,,150
Perry,1,105,1105,0,,,160A
Harris,13,145,13145,0,,,150
Crawford,13,79,13079,0,,,150
Kaufman,48,257,48257,23,43120,18889,400
Van Zandt,48,467,48467,293,425884,1843453,260
Emanuel,13,107,13107,0,,,130
Johnson,13,167,13167,0,,,130
Harrison,48,203,48203,2441,826217,302272098,230
Hidalgo,35,23,35023,0,,,475
Elmore,1,51,1051,0,,,150
Lincoln,22,61,22061,626,553221,104780826,230
Jasper,45,53,45053,0,,,120
Lee,1,81,1081,0,,,150
Taylor,13,269,13269,0,,,150
Ouachita,22,73,22073,1148,11368,1784882,230
Laurens,13,175,13175,0,,,130
Autauga,1,1,1001,0,,,210
Dallas,1,47,1047,0,,,210
Smith,48,423,48423,920,1391425,19928501,260
Peach,13,225,13225,0,,,130
Houston,13,153,13153,0,,,130
Richland,22,83,22083,93,1900043,1017223,230
Gregg,48,183,48183,4389,1282496,28826122,260
Bulloch,13,31,13031,0,,,130
Scott,28,123,28123,1,24683,16538,210
Warren,28,149,28149,3,3555,101275,230
Luna,35,29,35029,0,,,475
Muscogee,13,215,13215,0,,,150
Macon,1,87,1087,0,,,150
Rankin,28,121,28121,31,3375,96294999,210
Effingham,13,103,13103,0,,,120
Bienville,22,13,22013,996,50399,124384206,230
Lauderdale,28,75,28075,0,,,200
Newton,28,101,28101,0,,,200
Bleckley,13,23,13023,0,,,130
Hinds,28,49,28049,22,147623,117558,210
Madison,22,65,22065,0,,,230
Johnson,48,251,48251,2526,6689,147425518,400
Marion,13,197,13197,0,,,150
Hood,48,221,48221,690,55797,29110873,420
Ellis,48,139,48139,60,32,2784948,400
Candler,13,43,13043,0,,,130
Marengo,1,91,1091,0,,,200
Chattahoochee,13,53,13053,0,,,130
Pima,4,19,4019,0,,,475
Taylor,48,441,48441,388,348879,179638,430
Howard,48,227,48227,5659,96587863,186576441,430
Mitchell,48,335,48335,2540,2044764,679334,430
Eastland,48,133,48133,1070,142703,1570922,425
Callahan,48,59,48059,447,93490,399945,430
Martin,48,317,48317,6978,143127049,290657954,430
Andrews,48,3,48003,10152,40777601,72710471,430
Nolan,48,353,48353,594,1009575,1650427,430
Erath,48,143,48143,191,2934,1919200,425
Russell,1,113,1113,0,,,150
Macon,13,193,13193,0,,,130
Treutlen,13,283,13283,0,,,130
Montgomery,1,101,1101,0,,,210
Jackson,22,49,22049,400,16368,14015890,230
Cochise,4,3,4003,0,,,475
Dodge,13,91,13091,0,,,130
Schley,13,249,13249,0,,,130
Lowndes,1,85,1085,0,,,210
Franklin,22,41,22041,17,173986,43988,230
Rusk,48,401,48401,4272,1763601,94655670,260
Pulaski,13,235,13235,0,,,130
Panola,48,365,48365,4814,1574780,516516083,230
Henderson,48,213,48213,476,345198,9062209,400
Montgomery,13,209,13209,0,,,130
Toombs,13,279,13279,0,,,130
De Soto,22,31,22031,3073,157855,1300568326,230
Navarro,48,349,48349,630,125803,415851,400
Somervell,48,425,48425,92,3956,3527791,415
Choctaw,1,23,1023,40,156142,37955,200
Bullock,1,11,1011,0,,,210
Tattnall,13,267,13267,0,,,130
Wheeler,13,309,13309,0,,,130
Dooly,13,93,13093,0,,,130
Caldwell,22,21,22021,11,0,30656,230
Hill,48,217,48217,210,0,8414315,400
Wilcox,1,131,1131,0,,,210
Evans,13,109,13109,0,,,130
Beaufort,45,13,45013,0,,,120
Comanche,48,93,48093,187,42080,365962,425
Tensas,22,107,22107,37,106762,186910,230
Red River,22,81,22081,630,14285,402814943,230
Bryan,13,29,13029,0,,,130
Jasper,28,61,28061,346,2654784,2218802,210
Clarke,28,23,28023,76,492025,865067,210
Smith,28,129,28129,50,755123,712543,210
Claiborne,28,21,28021,0,,,230
Stewart,13,259,13259,0,,,130
Webster,13,307,13307,0,,,130
Sumter,13,261,13261,0,,,130
Bosque,48,35,48035,0,,,400
Barbour,1,5,1005,0,,,210
Winn,22,127,22127,980,210162,0,230
Natchitoches,22,69,22069,105,7390,67726062,230
Cherokee,48,73,48073,569,364109,19790223,260
Telfair,13,271,13271,0,,,130
Wilcox,13,315,13315,0,,,130
Sterling,48,431,48431,1794,564297,6298351,430
Liberty,13,179,13179,0,,,130
Glasscock,48,173,48173,4712,48637159,206270316,430
Midland,48,329,48329,7971,192218875,551949995,430
Coke,48,81,48081,292,241525,1532815,430
Winkler,48,495,48495,2530,23312011,55804464,430
Ector,48,135,48135,7559,16911621,40319495,430
Runnels,48,399,48399,371,268248,516787,430
Coleman,48,83,48083,869,156317,479617,430
Brown,48,49,48049,921,67863,600719,425
Anderson,48,1,48001,561,537364,2399167,260
Pike,1,109,1109,0,,,210
Simpson,28,127,28127,19,80291,109701,210
Crenshaw,1,41,1041,0,,,210
Copiah,28,29,28029,0,,,210
Crisp,13,81,13081,0,,,130
Hamilton,48,193,48193,8,17,47357,425
Freestone,48,161,48161,2866,62254,75537648,260
Long,13,183,13183,0,,,130
Culberson,48,109,48109,947,42652730,439112677,465
Reeves,48,389,48389,4577,186954774,1154943604,430
Loving,48,301,48301,2575,135372141,472900235,430
Hudspeth,48,229,48229,0,,,465
El Paso,48,141,48141,0,,,465
Clarke,1,25,1025,34,89789,2500,210
Quitman,13,239,13239,0,,,130
Shelby,48,419,48419,610,33690,69915150,230
Catahoula,22,25,22025,75,145570,20825,230
Butler,1,13,1013,0,,,210
Jeff Davis,13,161,13161,0,,,130
Appling,13,1,13001,0,,,130
Terrell,13,273,13273,0,,,130
La Salle,22,59,22059,1850,1148678,1604475,230
Randolph,13,243,13243,0,,,130
Lee,13,177,13177,0,,,130
Wayne,28,153,28153,217,2182712,3419816,210
Jefferson,28,63,28063,20,30745,182629,230
McLennan,48,309,48309,31,443,0,400
Chatham,13,51,13051,0,,,120
Worth,13,321,13321,0,,,130
Nacogdoches,48,347,48347,1203,51492,114882339,260
Turner,13,287,13287,0,,,130
Sabine,22,85,22085,546,59611,214772475,230
Ben Hill,13,17,13017,0,,,130
Monroe,1,99,1099,20,216041,273446,210
Jones,28,67,28067,212,1913794,2103700,210
Wayne,13,305,13305,0,,,130
Limestone,48,293,48293,1196,72827,28403423,400
Coffee,13,69,13069,0,,,130
Grant,22,43,22043,108,242867,0,230
Covington,28,31,28031,49,361638,2436766,210
Henry,1,67,1067,0,,,130
Clay,13,61,13061,0,,,130
Jefferson Davis,28,65,28065,480,95888,6638117,210
Irwin,13,155,13155,0,,,130
Concordia,22,29,22029,117,264508,133197,230
Lawrence,28,77,28077,8,26153,186342,210
Adams,28,1,28001,146,562905,76091,230
Conecuh,1,35,1035,115,2049880,5876361,210
Santa Cruz,4,23,4023,0,,,475
Mills,48,333,48333,4,0,5263,425
Lincoln,28,85,28085,94,914755,507,210
Coryell,48,99,48099,0,,,400
Bacon,13,5,13005,0,,,130
Tom Green,48,451,48451,686,352055,2535679,430
Washington,1,129,1129,1,12569,46783,210
McIntosh,13,191,13191,0,,,130
Dougherty,13,95,13095,0,,,130
Ward,48,475,48475,3734,52358332,154851301,430
San Augustine,48,405,48405,405,36929,221617686,260
Crane,48,103,48103,4788,7835601,42201840,430
Upton,48,461,48461,6270,77975333,277948029,430
Reagan,48,383,48383,5567,46350503,310720207,430
Leon,48,289,48289,793,449063,34942095,260
Calhoun,13,37,13037,0,,,130
Coffee,1,31,1031,0,,,210
Dale,1,45,1045,0,,,130
Franklin,28,37,28037,68,282918,25252,210
Sabine,48,403,48403,20,294,1081653,230
Houston,48,225,48225,332,440367,2426962,260
Tift,13,277,13277,0,,,130
Concho,48,95,48095,245,220723,314306,430
Covington,1,39,1039,4,7877,0,210
Irion,48,235,48235,2531,9663295,136482874,430
Pierce,13,229,13229,0,,,130
Angelina,48,5,48005,131,2687,84922148,260
Falls,48,145,48145,6,785,0,400
Early,13,99,13099,0,,,130
Rapides,22,79,22079,32,135764,813750,230
McCulloch,48,307,48307,68,34238,0,430
San Saba,48,411,48411,0,,,425
Berrien,13,19,13019,0,,,130
Ware,13,299,13299,0,,,130
Lampasas,48,281,48281,0,,,400
Glynn,13,127,13127,0,,,130
Baker,13,7,13007,0,,,130
Mitchell,13,205,13205,0,,,130
Marion,28,91,28091,153,24795,1285363,210
Lamar,28,73,28073,378,195172,3305646,210
Forrest,28,35,28035,61,8929,654928,210
Perry,28,111,28111,25,172881,57778,210
Greene,28,41,28041,17,45089,1770,210
Atkinson,13,3,13003,0,,,130
Trinity,48,455,48455,27,16433,66437,260
Pecos,48,371,48371,4509,40981160,132501404,430
Wilkinson,28,157,28157,73,284525,208943,230
Vernon,22,115,22115,19,150514,793823,230
Brantley,13,25,13025,0,,,130
Robertson,48,395,48395,1075,1444949,53720575,260
Amite,28,5,28005,75,719745,492658,210
Pike,28,113,28113,52,344682,0,210
Walthall,28,147,28147,14,5624,253704,210
Cook,13,75,13075,0,,,130
Avoyelles,22,9,22009,33,123410,25903,230
Colquitt,13,71,13071,0,,,130
Houston,1,69,1069,0,,,130
Bell,48,27,48027,0,,,400
Baldwin,1,3,1003,10,25747,2108,210
Escambia,1,53,1053,76,971079,9415017,210
Miller,13,201,13201,0,,,130
Geneva,1,61,1061,0,,,210
Lanier,13,173,13173,0,,,130
Newton,48,351,48351,145,637664,2493485,230
Clinch,13,65,13065,0,,,130
Mobile,1,97,1097,60,525802,3143490,210
Camden,13,39,13039,0,,,130
Jasper,48,241,48241,162,699914,8860231,260
Polk,48,373,48373,294,826643,18516394,260
Milam,48,331,48331,1564,1704778,1659521,400
Jeff Davis,48,243,48243,0,,,430
Madison,48,313,48313,520,2172050,7325448,260
Schleicher,48,413,48413,1103,250030,6011092,430
Menard,48,327,48327,128,83518,36028,430
Crockett,48,105,48105,8088,5553400,96771312,430
Decatur,13,87,13087,0,,,130
Seminole,13,253,13253,0,,,130
Grady,13,131,13131,0,,,130
Thomas,13,275,13275,0,,,130
Brooks,13,27,13027,0,,,130
Charlton,13,49,13049,0,,,130
Tyler,48,457,48457,227,1239075,8582014,260
Walker,48,471,48471,50,111794,1772450,260
Burnet,48,53,48053,0,,,400
Lowndes,13,185,13185,0,,,130
Pointe Coupee,22,77,22077,74,246364,3666838,230
Pearl River,28,109,28109,15,6914,173900,210
Washington,22,117,22117,1,0,438,210
Tangipahoa,22,105,22105,12,113082,60002,210
St. Helena,22,91,22091,15,112722,60031,210
East Feliciana,22,37,22037,5,94291,5648,210
George,28,39,28039,0,,,210
West Feliciana,22,125,22125,3,11291,6821,230
Jackson,12,63,12063,0,,,130
Holmes,12,59,12059,0,,,210
Evangeline,22,39,22039,143,503640,2025078,220
Walton,12,131,12131,0,,,210
Brazos,48,41,48041,842,9028191,10650733,260
Mason,48,319,48319,0,,,430
Llano,48,299,48299,0,,,410
Stone,28,131,28131,0,,,210
Williamson,48,491,48491,54,7991,0,400
San Jacinto,48,407,48407,82,121763,2272378,220
Allen,22,3,22003,51,214352,820617,220
Beauregard,22,11,22011,182,706783,1747679,220
Grimes,48,185,48185,271,405937,9214685,220
Echols,13,101,13101,0,,,130
St. Landry,22,97,22097,77,223255,360731,220
Washington,12,133,12133,0,,,210
Nassau,12,89,12089,0,,,130
Jackson,28,59,28059,0,,,210
Burleson,48,51,48051,1426,15247744,13960125,260
East Baton Rouge,22,33,22033,25,170557,1523887,220
Kimble,48,267,48267,1,292,0,430
Gadsden,12,39,12039,0,,,130
St. Tammany,22,103,22103,0,,,210
Sutton,48,435,48435,5350,55087,18585617,430
Leon,12,73,12073,0,,,130
Harrison,28,47,28047,0,,,210
Jefferson,12,65,12065,0,,,130
Brewster,48,43,48043,0,,,430
Terrell,48,443,48443,667,81576,11877372,430
West Baton Rouge,22,121,22121,24,115731,987489,220
Livingston,22,63,22063,30,253302,88197,220
Hancock,28,45,28045,0,,,210
Madison,12,79,12079,0,,,130
Presidio,48,377,48377,1,1169,0,430
Travis,48,453,48453,23,4216,0,400
Montgomery,48,339,48339,239,842349,3607096,220
Hamilton,12,47,12047,0,,,140
Calhoun,12,13,12013,0,,,130
Liberty,12,77,12077,0,,,130
Columbia,12,23,12023,0,,,130
Baker,12,3,12003,0,,,130
Duval,12,31,12031,0,,,140
Bay,12,5,12005,0,,,210
Lee,48,287,48287,850,2501597,4570459,400
Hardin,48,199,48199,1082,1028612,4124185,220
Gillespie,48,171,48171,0,,,430
Blanco,48,31,48031,0,,,400
St. Martin,22,99,22099,96,1478790,17780497,220
Iberville,22,47,22047,64,349904,636873,220
Calcasieu,22,19,22019,217,601397,2616097,220
Jefferson Davis,22,53,22053,65,408316,3284546,220
Liberty,48,291,48291,821,756761,6152476,220
Acadia,22,1,22001,217,606599,1923885,220
Suwannee,12,121,12121,0,,,140
Bastrop,48,21,48021,213,67776,63928,400
Okaloosa,12,91,12091,0,,,210
Santa Rosa,12,113,12113,42,893418,11072604,210
Washington,48,477,48477,397,2578136,60735167,220
Escambia,12,33,12033,5,50564,1944502,210
Lafayette,22,55,22055,20,139196,888174,220
Ascension,22,5,22005,7,5303,10042,220
Hays,48,209,48209,0,,,400
Taylor,12,123,12123,0,,,130
St. John the Baptist,22,95,22095,3,17293,24984,220
Wakulla,12,129,12129,0,,,130
Edwards,48,137,48137,444,2050,1859135,400
Val Verde,48,465,48465,229,590,2777345,400
Kerr,48,265,48265,0,,,430
Lafayette,12,67,12067,0,,,140
Waller,48,473,48473,218,135027,1049328,220
St. Johns,12,109,12109,0,,,140
Orange,48,361,48361,129,463608,2355083,220
Gulf,12,45,12045,0,,,130
Clay,12,19,12019,0,,,140
Jefferson,48,245,48245,361,600936,3426373,220
Fayette,48,149,48149,791,3349508,28586886,220
Harris,48,201,48201,325,748431,6851400,220
St. James,22,93,22093,5,8836,7923,220
Orleans,22,71,22071,0,,,220
Vermilion,22,113,22113,136,1126559,18976272,220
Union,12,125,12125,0,,,140
Bradford,12,7,12007,0,,,140
Kendall,48,259,48259,0,,,400
Austin,48,15,48015,191,289844,8542914,220
St. Charles,22,89,22089,57,365074,2266756,220
Real,48,385,48385,2,781,0,400
Assumption,22,7,22007,22,248812,1097460,220
Caldwell,48,55,48055,2349,957706,34252,400
Cameron,22,23,22023,165,1004476,9394911,220
St. Bernard,22,87,22087,1,0,31974,220
Comal,48,91,48091,0,,,400
Franklin,12,37,12037,0,,,130
Colorado,48,89,48089,222,481244,12701059,220
St. Mary,22,101,22101,102,740642,4729303,220
Alachua,12,1,12001,0,,,140
Gilchrist,12,41,12041,0,,,140
LaFourche,22,57,22057,194,1860313,12187114,220
Bandera,48,19,48019,1,512,0,400
Plaquemines,22,75,22075,291,2774848,7463815,220
Chambers,48,71,48071,208,1872782,3565145,220
Guadalupe,48,187,48187,1366,583545,40,400
Putnam,12,107,12107,0,,,140
Dixie,12,29,12029,0,,,140
Fort Bend,48,157,48157,398,772193,5660305,220
Gonzales,48,177,48177,1665,33984312,46643087,220
Bexar,48,29,48029,1765,69850,6683,400
Medina,48,325,48325,1589,76731,9001,400
Flagler,12,35,12035,0,,,140
Iberia,22,45,22045,55,578689,1789772,220
Lavaca,48,285,48285,736,8019849,36244886,220
Wharton,48,481,48481,526,758870,8453292,220
Uvalde,48,463,48463,0,,,400
Kinney,48,271,48271,0,,,400
Brazoria,48,39,48039,430,3067051,8835534,220
Levy,12,75,12075,0,,,140
Galveston,48,167,48167,211,247024,900004,220
Marion,12,83,12083,0,,,140
Wilson,48,493,48493,630,2048395,1071379,400
Volusia,12,127,12127,0,,,140
De Witt,48,123,48123,2458,59555396,271548600,220
Terrebonne,22,109,22109,93,849016,6786208,220
Lake,12,69,12069,0,,,140
Jackson,48,239,48239,380,1808633,3574824,220
Atascosa,48,13,48013,2258,23179025,25489710,400
Matagorda,48,321,48321,244,496197,10988104,220
Karnes,48,255,48255,4356,104735513,318675861,220
Jefferson,22,51,22051,53,398006,439372,220
Victoria,48,469,48469,314,1148039,4223770,220
Zavala,48,507,48507,603,6922273,6601508,400
Frio,48,163,48163,789,7423578,12222373,400
Maverick,48,323,48323,615,924301,3974964,400
Citrus,12,17,12017,0,,,140
Sumter,12,119,12119,0,,,140
Goliad,48,175,48175,324,184519,4533538,220
Seminole,12,117,12117,0,,,140
Live Oak,48,297,48297,1173,13205664,76563821,220
Orange,12,95,12095,0,,,140
Bee,48,25,48025,443,284886,9161093,220
Hernando,12,53,12053,0,,,140
La Salle,48,283,48283,4090,51114318,279590058,220
McMullen,48,311,48311,3017,25539883,102361866,220
Dimmit,48,127,48127,4041,45736254,238723241,220
Brevard,12,9,12009,0,,,140
Refugio,48,391,48391,682,1893210,7355579,220
Pasco,12,101,12101,0,,,140
Polk,12,105,12105,0,,,140
Osceola,12,97,12097,0,,,140
Calhoun,48,57,48057,56,67072,386505,220
Webb,48,479,48479,6258,12979136,747240941,220
Pinellas,12,103,12103,0,,,140
Hillsborough,12,57,12057,0,,,140
San Patricio,48,409,48409,193,348490,3821522,220
Aransas,48,7,48007,41,76074,2338004,220
Duval,48,131,48131,959,785046,5567413,220
Jim Wells,48,249,48249,199,74890,1791404,220
Indian River,12,61,12061,0,,,140
Nueces,48,355,48355,574,202107,6869890,220
Hardee,12,49,12049,0,,,140
Highlands,12,55,12055,0,,,140
Manatee,12,81,12081,0,,,140
Okeechobee,12,93,12093,0,,,140
Kleberg,48,273,48273,147,156434,5376615,220
St. Lucie,12,111,12111,0,,,140
Sarasota,12,115,12115,0,,,140
Jim Hogg,48,247,48247,226,86950,5660828,220
De Soto,12,27,12027,0,,,140
Zapata,48,505,48505,2761,77677,65003134,220
Brooks,48,47,48047,385,325995,11581668,220
Martin,12,85,12085,0,,,140
Glades,12,43,12043,0,,,140
Kenedy,48,261,48261,164,257219,26297777,220
Charlotte,12,15,12015,0,,,140
Palm Beach,12,99,12099,0,,,140
Hendry,12,51,12051,7,172285,28432,140
Starr,48,427,48427,982,533636,25941860,220
Hidalgo,48,215,48215,1339,576737,44707978,220
Lee,12,71,12071,0,,,140
Willacy,48,489,48489,129,187233,2984883,220
Collier,12,21,12021,9,236511,97190,140
Cameron,48,61,48061,2,1060,27759,220
Broward,12,11,12011,0,,,140
Dade,12,25,12025,0,,,140
Monroe,12,87,12087,0,,,140
Cook,27,31,27031,0,,,320
Keweenaw,26,83,26083,0,,,310
Houghton,26,61,26061,0,,,310
Ontonagon,26,131,26131,0,,,310
Baraga,26,13,26013,0,,,310
Marquette,26,103,26103,0,,,310
Gogebic,26,53,26053,0,,,310
Luce,26,95,26095,0,,,305
Alger,26,3,26003,0,,,310
Schoolcraft,26,153,26153,0,,,305
Iron,26,71,26071,0,,,310
Vilas,55,125,55125,0,,,310
Dickinson,26,43,26043,0,,,310
Mackinac,26,97,26097,0,,,305
Delta,26,41,26041,0,,,310
Chippewa,26,33,26033,0,,,305
Forest,55,41,55041,0,,,310
Florence,55,37,55037,0,,,310
Menominee,26,109,26109,0,,,310
Oneida,55,85,55085,0,,,310
Marinette,55,75,55075,0,,,310
Emmet,26,47,26047,0,,,305
Cheboygan,26,31,26031,0,,,305
Presque Isle,26,141,26141,0,,,305
Lincoln,55,69,55069,0,,,310
Langlade,55,67,55067,0,,,310
Oconto,55,83,55083,0,,,310
Charlevoix,26,29,26029,0,,,305
Door,55,29,55029,0,,,305
Alpena,26,7,26007,0,,,305
Antrim,26,9,26009,0,,,305
Otsego,26,137,26137,0,,,305
Montmorency,26,119,26119,0,,,305
Leelanau,26,89,26089,0,,,305
Marathon,55,73,55073,0,,,310
Menominee,55,78,55078,0,,,310
Shawano,55,115,55115,0,,,310
St. Lawrence,36,89,36089,0,,,110
Kalkaska,26,79,26079,0,,,305
Crawford,26,39,26039,0,,,305
Alcona,26,1,26001,0,,,305
Grand Traverse,26,55,26055,0,,,305
Oscoda,26,135,26135,0,,,305
Benzie,26,19,26019,0,,,305
Kewaunee,55,61,55061,0,,,310
Portage,55,97,55097,0,,,310
Waupaca,55,135,55135,0,,,310
Brown,55,9,55009,0,,,310
Outagamie,55,87,55087,0,,,310
Manistee,26,101,26101,0,,,305
Iosco,26,69,26069,0,,,305
Wexford,26,165,26165,0,,,305
Missaukee,26,113,26113,0,,,305
Roscommon,26,143,26143,0,,,305
Ogemaw,26,129,26129,0,,,305
Jefferson,36,45,36045,0,,,110
Manitowoc,55,71,55071,0,,,310
Adams,55,1,55001,0,,,310
Waushara,55,137,55137,0,,,310
Winnebago,55,139,55139,0,,,310
Calumet,55,15,55015,0,,,310
Lewis,36,49,36049,0,,,110
Mason,26,105,26105,0,,,305
Lake,26,85,26085,0,,,305
Osceola,26,133,26133,0,,,305
Arenac,26,11,26011,0,,,305
Clare,26,35,26035,0,,,305
Gladwin,26,51,26051,0,,,305
Huron,26,63,26063,0,,,305
Bay,26,17,26017,0,,,305
Marquette,55,77,55077,0,,,310
Green Lake,55,47,55047,0,,,310
Fond Du Lac,55,39,55039,0,,,310
Sheboygan,55,117,55117,0,,,310
Midland,26,111,26111,0,,,305
Oceana,26,127,26127,0,,,305
Isabella,26,73,26073,0,,,305
Newaygo,26,123,26123,0,,,305
Mecosta,26,107,26107,0,,,305
Tuscola,26,157,26157,0,,,305
Oswego,36,75,36075,2,0,2,160
Sanilac,26,151,26151,0,,,305
Columbia,55,21,55021,0,,,310
Sauk,55,111,55111,0,,,310
Dodge,55,27,55027,0,,,310
Oneida,36,65,36065,1,0,10,110
Saginaw,26,145,26145,0,,,305
Washington,55,131,55131,0,,,310
Ozaukee,55,89,55089,0,,,310
Muskegon,26,121,26121,0,,,305
Montcalm,26,117,26117,0,,,305
Gratiot,26,57,26057,0,,,305
Cayuga,36,11,36011,294,0,565070,160
Niagara,36,63,36063,1,0,1,160
Orleans,36,73,36073,0,,,160
Monroe,36,55,36055,0,,,160
Wayne,36,117,36117,4,0,2515,160
Lapeer,26,87,26087,0,,,305
Kent,26,81,26081,0,,,305
Dane,55,25,55025,0,,,310
Onondaga,36,67,36067,1,0,240,160
Genesee,26,49,26049,0,,,305
Ottawa,26,139,26139,0,,,305
Jefferson,55,55,55055,0,,,310
Waukesha,55,133,55133,0,,,310
Milwaukee,55,79,55079,0,,,310
Madison,36,53,36053,49,0,168112,160
St. Clair,26,147,26147,0,,,305
Shiawassee,26,155,26155,0,,,305
Genesee,36,37,36037,489,0,445241,160
Ionia,26,67,26067,0,,,305
Clinton,26,37,26037,0,,,305
Erie,36,29,36029,1074,0,1675457,160
Ontario,36,69,36069,24,0,40487,160
Seneca,36,99,36099,211,0,519581,160
Livingston,36,51,36051,134,0,446583,160
Macomb,26,99,26099,0,,,305
Oakland,26,125,26125,0,,,305
Wyoming,36,121,36121,280,157,251201,160
Green,55,45,55045,0,,,310
Rock,55,105,55105,0,,,310
Walworth,55,127,55127,0,,,310
Racine,55,101,55101,0,,,310
Cortland,36,23,36023,0,,,160
Livingston,26,93,26093,0,,,305
Ingham,26,65,26065,0,,,305
Allegan,26,5,26005,0,,,305
Eaton,26,45,26045,0,,,305
Barry,26,15,26015,0,,,305
Yates,36,123,36123,17,0,10233,160
Chenango,36,17,36017,44,0,719234,160
Kenosha,55,59,55059,0,,,310
Tompkins,36,109,36109,0,,,160
Steuben,36,101,36101,203,4239,1808182,160
Chautauqua,36,13,36013,3913,14766,3684269,160
Schuyler,36,97,36097,0,,,160
Cattaraugus,36,9,36009,2085,106817,832005,160
Allegany,36,3,36003,1161,20019,91836,160
Stephenson,17,177,17177,0,,,310
Winnebago,17,201,17201,0,,,310
McHenry,17,111,17111,0,,,310
Boone,17,7,17007,0,,,310
Lake,17,97,17097,0,,,310
Wayne,26,163,26163,0,,,305
Washtenaw,26,161,26161,0,,,305
Jackson,26,75,26075,0,,,305
Kalamazoo,26,77,26077,0,,,305
Calhoun,26,25,26025,0,,,305
Van Buren,26,159,26159,0,,,305
Broome,36,7,36007,0,,,160
Tioga,36,107,36107,0,,,160
Chemung,36,15,36015,18,0,672534,160A
Erie,42,49,42049,708,3520,980744,160
Berrien,26,21,26021,0,,,305
Ogle,17,141,17141,0,,,310
Carroll,17,15,17015,0,,,310
Cook,17,31,17031,0,,,310
Kane,17,89,17089,0,,,310
De Kalb,17,37,17037,0,,,310
Monroe,26,115,26115,0,,,305
Lenawee,26,91,26091,0,,,305
Hillsdale,26,59,26059,0,,,305
Branch,26,23,26023,0,,,305
St. Joseph,26,149,26149,0,,,305
Cass,26,27,26027,0,,,305
Bradford,42,15,42015,1310,0,914529106,160A
Tioga,42,117,42117,742,0,332639414,160A
Warren,42,123,42123,9432,372043,2617401,160
Susquehanna,42,115,42115,1664,0,1656157221,160
McKean,42,83,42083,8202,291655,19841499,160A
Potter,42,105,42105,497,3503,35532919,160A
Du Page,17,43,17043,0,,,310
Ashtabula,39,7,39007,1452,89716,1043104,160
Whiteside,17,195,17195,0,,,310
Lee,17,103,17103,0,,,310
Crawford,42,39,42039,2481,34612,3765882,160
Lake,39,85,39085,198,2929,216901,160
La Porte,18,91,18091,0,,,305
St. Joseph,18,141,18141,0,,,305
Elkhart,18,39,18039,0,,,305
Lagrange,18,87,18087,0,,,305
Steuben,18,151,18151,0,,,305
Kauai,15,7,15007,0,,,
Honolulu,15,3,15003,0,,,
Maui,15,9,15009,0,,,
Hawaii,15,1,15001,0,,,
North Slope,2,185,2185,0,,,
Northwest Arctic,2,188,2188,0,,,
Fairbanks North Star,2,90,2090,0,,,
Bristol Bay,2,60,2060,0,,,
Yukon-Koyukuk,2,290,2290,0,,,
Southeast Fairbanks,2,240,2240,0,,,
Nome,2,180,2180,0,,,
Matanuska-Susitna,2,170,2170,0,,,
Wade Hampton,2,270,2270,0,,,
Bethel,2,50,2050,0,,,
Anchorage,2,20,2020,0,,,
Kenai Peninsula,2,122,2122,0,,,
Dillingham,2,70,2070,0,,,
Lake and Peninsula,2,164,2164,0,,,
Valdez-Cordova,2,261,2261,0,,,
Haines,2,100,2100,0,,,
Juneau,2,110,2110,0,,,
Kodiak Island,2,150,2150,0,,,
Skagway-Yakutat-Angoon,2,231,2231,0,,,
Sitka,2,220,2220,0,,,
Wrangell-Petersburg,2,280,2280,0,,,
Ketchikan Gateway,2,130,2130,0,,,
Prince of Wales-Outer Ketchikan,2,201,2201,0,,,
Aleutians East,2,13,2013,0,,,
Aleutians West,2,16,2016,0,,,
