Headers per well,Heaters per well,Heater-treater per well,Separators per well,Meters per well,Tanks per well,Compressors per well,Dehydrators per well,Pneumatic Pumps,Pneumatics - All
0.002365131,0.030746706,0.049893006,0.602545332,0.821714157,,0.041220858,0.016668544,0.133460975,1.091113864
,,,,,,,,,
0.3,0.235714286,0.278571429,0.907142857,0.235714286,4.530952381,0.257142857,,0.038095238,62.27380952
0.343283582,,0.009950249,0.014925373,,,,0.343283582,0,0.019900498
0.000396354,0.296868807,0.017439556,0.370590567,0.55648038,1.25366627,0.004359889,0.164090369,0.372175981,8.873959572
0.011680144,0.002994909,0.027253669,0.078316861,0.862683438,,0.05705301,0.01542378,0.030548068,0.526504942
0.099775425,0.057106192,0.363009304,1.356432467,0.502245749,2.002726981,0.070099455,0.001924928,0.247353224,3.076836702
0.011135857,0.002474635,0.034521158,0.068671121,0.757485771,0.062979461,0.053452116,0.018188567,0.036624598,0.518559762
,0.066605546,7.14396E-05,0.414468906,0.928667532,0.128877088,0.004060152,0.00055961,0.024718111,0.955040661
,0.063849966,0.000142258,0.277236408,0.969319771,0.000450482,0.003912085,0.000189677,0.00898594,0.741517889
,0.95049505,,2.198019802,1.059405941,,0.445544554,0.069306931,1.158415842,73.40594059
0.021857923,,0.013661202,,0.978142077,,0.06010929,0.049180328,0.076502732,1.401639344
0.673469388,,0.714285714,0.224489796,0.306122449,2.163265306,,,2.551020408,5.551020408
0.017309444,0.154570301,0.003340419,0.503188582,0.866990586,0.310658974,0.016398421,0.005769815,0.699969633,1.752505314
0.155517292,0.004936843,0.161705161,0.392768264,0.081087989,0.074604178,0.015254442,0.000618787,0.051076824,1.13613312
0.01025641,,0,0.302564103,0.973426573,,0.050815851,0.004195804,0.061072261,0.665734266
0.011135857,0.002474635,0.034521158,0.068671121,0.757485771,0.062979461,0.053452116,0.018188567,0.036624598,0.518559762
,,,,,,,,,
0.261548882,0.022849402,0.145540754,0.945992323,0.558229849,0.767080605,0.026191014,0.003973809,0.627184466,3.940528336
0.036669852,0.183468705,0.023530817,0.565695174,0.454968944,1.003822265,0.061634018,0.001433349,0.015647396,3.661132346
0.009248555,0.000315292,0.000630583,1.050972149,0.932947977,0.779926432,0.184025223,0.000525486,0.72338413,3.101418812
0.018815971,0.079623681,,0.864616797,0.993575034,,0.26502983,0.009178522,0.053923818,4.824001836
0.003853565,,0.088631985,0.030828516,0.002890173,,0.027938343,0.02504817,0,0.156069364
,0.981865285,,0.979274611,0.984455959,,0.020725389,0.018134715,0.082901554,9.735751295
0.023503078,0.040197724,0.077317665,0.611173289,0.783529192,0.148666294,0.042156314,0.017160977,0.195299384,1.090188398
,0.007774323,,0.164889679,0.905079224,,0.000814453,,0.000925515,0.296756997
0.031985845,0.156390363,0.039608003,0.956036477,0.862801143,1.4679461,0.043419083,0.131482238,0.474207159,6.919967334
,0.066245107,,1.150255947,1,,,,0.007527853,0.986750979
0.023503078,0.040197724,0.077317665,0.611173289,0.783529192,0.148666294,0.042156314,0.017160977,0.195299384,1.090188398
0.469202698,0.006082052,0.211766007,0.910427955,0.431493973,0.165652991,0.031626673,0.002211655,0.389140772,3.700652438
,0.066605546,7.14396E-05,0.414468906,0.928667532,0.128877088,0.004060152,0.00055961,0.024718111,0.955040661
,,,1,1,,0.265734266,,1.664335664,4.629370629
,,,,,,,,,
,,0.5,1.703883495,0.242718447,,0.27184466,0.004854369,0.315533981,1.417475728
0.096477795,,0.127105666,0.597243492,0.874425727,,0.068912711,0.001531394,0.191424196,0.667687596
0.03030303,0.070707071,0.026936027,0.666666667,0.96969697,,0.117845118,0.050505051,0.737373737,3.562289562
1,,1,1,,,,,1.483606557,1.098360656
,,,,,,,,,
0.036669852,0.183468705,0.023530817,0.565695174,0.454968944,1.003822265,0.061634018,0.001433349,0.015647396,3.661132346
0.288043478,,0.673913043,1.016304348,,,,0.005434783,0.304347826,2.788043478
,0.051570558,,0.977965307,1,,0.000468823,,0.002500391,0.682294108
,,,,,,,,,
0.011135857,0.002474635,0.034521158,0.068671121,0.757485771,0.062979461,0.053452116,0.018188567,0.036624598,0.518559762
,,,,,,,,,
0.234947368,0.023578947,0.420631579,1.261894737,0.651368421,4.757894737,0.130947368,0.025263158,0.683789474,2.408842105
0.011135857,0.002474635,0.034521158,0.068671121,0.757485771,0.062979461,0.053452116,0.018188567,0.036624598,0.518559762
0.009248555,0.000315292,0.000630583,1.050972149,0.932947977,0.779926432,0.184025223,0.000525486,0.72338413,3.101418812
0.074074074,0.037037037,0.296296296,0.407407407,,,,,0,1.296296296
0.011062689,0.0280159,0.065849337,0.365643408,0.876442699,0.463196207,0.075140079,0.000862028,0.023801542,0.666347397
0.170388183,0.258502233,0.326348334,1.342665751,0.629165235,1.931810374,0.198900721,0.008759876,0.076262453,3.814668499
0.23960164,0.072934974,0.031927358,1.529876977,0.568834212,0.279144698,0.026362039,0.001464558,1.999414177,8.61218512
,0.066605546,7.14396E-05,0.414468906,0.928667532,0.128877088,0.004060152,0.00055961,0.024718111,0.955040661
,0.002633311,,0.35154707,0.000658328,0.215931534,,0.001316656,0.201448321,8.563528637
0.057346617,0.075082134,0.177542135,0.713133364,0.750874756,,0.090226769,0.002751142,0.147600096,1.811720399
0.011135857,0.002474635,0.034521158,0.068671121,0.757485771,0.062979461,0.053452116,0.018188567,0.036624598,0.518559762
,,,,,,,,,
,,,,,,,,,
0.021491783,0.021175727,0.021491783,1.009165613,0.823957016,,0.039190898,0.056890013,0.35840708,3.173830594
0.398726115,0.006369427,1.129936306,0.959235669,0.154140127,7.020382166,,0.398726115,0.412738854,2.908280255
0.307769929,,0.515352458,0.513910912,0.378117342,0.30589592,0.000576618,,0.005477872,1.903704772
0.059063136,0.224032587,0.517311609,0.751527495,0.523421589,1.796334012,0.061099796,0.00407332,0.645621181,3.539035981
,0.066605546,7.14396E-05,0.414468906,0.928667532,0.128877088,0.004060152,0.00055961,0.024718111,0.955040661
,0.066605546,7.14396E-05,0.414468906,0.928667532,0.128877088,0.004060152,0.00055961,0.024718111,0.955040661
0.151795058,0.00419757,0.160167448,0.452916686,0.171577103,0.286845338,0.019349775,0.000659781,0.055182691,1.114324066
,0.010224949,,1.081799591,0.795501022,0.18404908,0.049079755,0.016359918,0.400817996,2.678936605
0.217391304,,1.026086957,0.286956522,,2.547826087,,,0.026086957,0.973913043
0.013843111,0.340804219,0.013843111,0.905405405,0.630850363,,0.146011866,,0.004284773,6.138101516
,0.190198366,0.011668611,1.532088681,0.920653442,0.868144691,0.288214702,0.047841307,0.562427071,9.772462077
0.011135318,0.056967643,0.00225934,0.632534495,0.981521827,0.879206003,0.041232954,0.007665618,0.47228274,1.233518922
0.253968254,,1.095238095,,,,,,0,0
,0.066605546,7.14396E-05,0.414468906,0.928667532,0.128877088,0.004060152,0.00055961,0.024718111,0.955040661
,0.881539387,,3.973541792,0.785327721,,0.064942874,0.000601323,0.372820204,2.491280818
,0.066605546,7.14396E-05,0.414468906,0.928667532,0.128877088,0.004060152,0.00055961,0.024718111,0.955040661
0.234947368,0.023578947,0.420631579,1.261894737,0.651368421,4.757894737,0.130947368,0.025263158,0.683789474,2.408842105
0.403,0.015,0.566,1.156,0.244,4.12,0.104,0.016,0.324,3.944
,0.066605546,7.14396E-05,0.414468906,0.928667532,0.128877088,0.004060152,0.00055961,0.024718111,0.955040661
,,,,,,,,,
,0.066605546,7.14396E-05,0.414468906,0.928667532,0.128877088,0.004060152,0.00055961,0.024718111,0.955040661
0.002051282,0.009230769,0.011282051,0.786153846,0.884615385,0.044102564,0.02,0.011794872,0.148205128,1.946153846
0.009248555,0.000315292,0.000630583,1.050972149,0.932947977,0.779926432,0.184025223,0.000525486,0.72338413,3.101418812
,0.006531532,0.008671171,0.861711712,1.151351351,0.190765766,0.055855856,0.00213964,0.216216216,1.779391892
,0.066605546,7.14396E-05,0.414468906,0.928667532,0.128877088,0.004060152,0.00055961,0.024718111,0.955040661
0.434210526,,0.763157895,1.013157895,,14.07894737,,,6.078947368,9.552631579
0.234947368,0.023578947,0.420631579,1.261894737,0.651368421,4.757894737,0.130947368,0.025263158,0.683789474,2.408842105
,1,,0.125,,2.833333333,,,0,0
,,,,,,,,,
,0.066605546,7.14396E-05,0.414468906,0.928667532,0.128877088,0.004060152,0.00055961,0.024718111,0.955040661
,0.005689001,0.004424779,0.915929204,0.985461441,0.412136536,0.027180784,0.002528445,0.324273072,2.874209861
,0.153846154,0.339031339,0.544159544,0.373219373,,0.03988604,0.037037037,1.017094017,1.165242165
0.234947368,0.023578947,0.420631579,1.261894737,0.651368421,4.757894737,0.130947368,0.025263158,0.683789474,2.408842105
0.407407407,0.012345679,1.061728395,0.024691358,0.012345679,0.703703704,0.074074074,0.049382716,0.209876543,0.567901235
0.009248555,0.000315292,0.000630583,1.050972149,0.932947977,0.779926432,0.184025223,0.000525486,0.72338413,3.101418812
,0.066605546,7.14396E-05,0.414468906,0.928667532,0.128877088,0.004060152,0.00055961,0.024718111,0.955040661
,0.5625,,1,1,0.676136364,,,1.068181818,15.8125
0.514802632,0.008223684,1.194078947,0.916118421,0.199013158,3.422697368,,,0.485197368,0.896381579
0.514802632,0.008223684,1.194078947,0.916118421,0.199013158,3.422697368,,,0.485197368,0.896381579
0.057346617,0.075082134,0.177542135,0.713133364,0.750874756,,0.090226769,0.002751142,0.147600096,1.811720399
,0.138718473,0.009543286,1.168370825,0.930470348,0.132242672,0.035105658,0.252556237,0.163599182,1.872528971
,,,2.857142857,0.285714286,259.2857143,0.857142857,,11.14285714,328.5714286
0.057346617,0.075082134,0.177542135,0.713133364,0.750874756,,0.090226769,0.002751142,0.147600096,1.811720399
0.176691729,,0.12406015,0.842105263,0.338345865,2.483082707,0.054511278,0,0.107142857,4.808270677
,,,,,,,,,
0.015873016,,,1,1.183673469,,0.045351474,0.013605442,0.297052154,2.512471655
0.031985845,0.156390363,0.039608003,0.956036477,0.862801143,1.4679461,0.043419083,0.131482238,0.474207159,6.919967334
,0.066605546,7.14396E-05,0.414468906,0.928667532,0.128877088,0.004060152,0.00055961,0.024718111,0.955040661
,0.066605546,7.14396E-05,0.414468906,0.928667532,0.128877088,0.004060152,0.00055961,0.024718111,0.955040661
,1,,1,0.237068966,,,0.021551724,0.043103448,8.275862069
0.234947368,0.023578947,0.420631579,1.261894737,0.651368421,4.757894737,0.130947368,0.025263158,0.683789474,2.408842105
,0.190198366,0.011668611,1.532088681,0.920653442,0.868144691,0.288214702,0.047841307,0.562427071,9.772462077
,0.190198366,0.011668611,1.532088681,0.920653442,0.868144691,0.288214702,0.047841307,0.562427071,9.772462077
0.514285714,0.067080745,0.660869565,1.147826087,0.51552795,1.237267081,0.095652174,,0.541614907,4.765217391
,0.066605546,7.14396E-05,0.414468906,0.928667532,0.128877088,0.004060152,0.00055961,0.024718111,0.955040661
,0.066605546,7.14396E-05,0.414468906,0.928667532,0.128877088,0.004060152,0.00055961,0.024718111,0.955040661
0.012673653,0.045088959,0.002193517,0.758225689,0.853278089,0.484523519,0.054837923,0.011942481,0.451377041,0.987082622
,,,0.010791367,1,,,,0,0.35971223
,,,,,,,,,
,,,1,,2.162790698,,0.11627907,0.023255814,1.976744186
0.023503078,0.040197724,0.077317665,0.611173289,0.783529192,0.148666294,0.042156314,0.017160977,0.195299384,1.090188398
,,,,,,,,,
,,,,,,,,,
0.003558719,,,0.206405694,0.982206406,,0.110320285,,0,0.857651246
,0.086720867,0.184281843,0.54200542,1,0.078590786,0.010840108,,0.119241192,1.300813008
0.011135857,0.002474635,0.034521158,0.068671121,0.757485771,0.062979461,0.053452116,0.018188567,0.036624598,0.518559762
,0.066605546,7.14396E-05,0.414468906,0.928667532,0.128877088,0.004060152,0.00055961,0.024718111,0.955040661
0.057346617,0.075082134,0.177542135,0.713133364,0.750874756,,0.090226769,0.002751142,0.147600096,1.811720399
0.023503078,0.040197724,0.077317665,0.611173289,0.783529192,0.148666294,0.042156314,0.017160977,0.195299384,1.090188398
0.009248555,0.000315292,0.000630583,1.050972149,0.932947977,0.779926432,0.184025223,0.000525486,0.72338413,3.101418812
,0.066605546,7.14396E-05,0.414468906,0.928667532,0.128877088,0.004060152,0.00055961,0.024718111,0.955040661
,,,0.830788986,1.257954059,,0.032244257,,0.114138964,1.929661863
0.057346617,0.075082134,0.177542135,0.713133364,0.750874756,,0.090226769,0.002751142,0.147600096,1.811720399
,,,,,,,,,
,0.004198153,,0.997481108,0.83543241,,0.166246851,0.01511335,0.23929471,0.944584383
0.22859025,,0.027667984,0.83201581,0.22859025,,0.011857708,0.000658762,0.03030303,1.016469038
,,,,,,,,,
,0.190198366,0.011668611,1.532088681,0.920653442,0.868144691,0.288214702,0.047841307,0.562427071,9.772462077
,,0.491803279,2.114754098,0.31147541,1.836065574,0.098360656,,0.393442623,1.049180328
0.009248555,0.000315292,0.000630583,1.050972149,0.932947977,0.779926432,0.184025223,0.000525486,0.72338413,3.101418812
,,,1,1,,0.220190198,,0,0.095098756
,,,,,,,,,
,,,,,,,,,
0.234947368,0.023578947,0.420631579,1.261894737,0.651368421,4.757894737,0.130947368,0.025263158,0.683789474,2.408842105
0.643454039,,0.008356546,0.924791086,,2.543175487,,0.008356546,0.069637883,1.788300836
,0.066605546,7.14396E-05,0.414468906,0.928667532,0.128877088,0.004060152,0.00055961,0.024718111,0.955040661
,,,,,,,,,
0.009248555,0.000315292,0.000630583,1.050972149,0.932947977,0.779926432,0.184025223,0.000525486,0.72338413,3.101418812
0.0546875,0.00390625,0.5546875,1.31640625,0.37890625,3.0234375,0.2421875,0.0546875,0.2421875,1.23046875
0.031985845,0.156390363,0.039608003,0.956036477,0.862801143,1.4679461,0.043419083,0.131482238,0.474207159,6.919967334
0.023503078,0.040197724,0.077317665,0.611173289,0.783529192,0.148666294,0.042156314,0.017160977,0.195299384,1.090188398
0.343283582,,0.009950249,0.014925373,,,,0.343283582,0,0.019900498
0,,0.90960452,1.107344633,,19.37853107,,,0.163841808,9.81920904
,0.006531532,0.008671171,0.861711712,1.151351351,0.190765766,0.055855856,0.00213964,0.216216216,1.779391892
0.009248555,0.000315292,0.000630583,1.050972149,0.932947977,0.779926432,0.184025223,0.000525486,0.72338413,3.101418812
,0.066605546,7.14396E-05,0.414468906,0.928667532,0.128877088,0.004060152,0.00055961,0.024718111,0.955040661
,,,1,,2.162790698,,0.11627907,0.023255814,1.976744186
0.057346617,0.075082134,0.177542135,0.713133364,0.750874756,,0.090226769,0.002751142,0.147600096,1.811720399
,0.090558767,0.021194605,0.737957611,0.5761079,0.269749518,0.030828516,0.023121387,0.163776493,1.200385356
,0.190198366,0.011668611,1.532088681,0.920653442,0.868144691,0.288214702,0.047841307,0.562427071,9.772462077
,0.190198366,0.011668611,1.532088681,0.920653442,0.868144691,0.288214702,0.047841307,0.562427071,9.772462077
0.119553073,,0.298324022,0.706145251,0.126256983,0.375418994,0.004469274,,0.527374302,2.968715084
,0.023460411,0.014662757,1.576246334,0.98973607,,0.290322581,0.045454545,0.252199413,1.278592375
,0.190198366,0.011668611,1.532088681,0.920653442,0.868144691,0.288214702,0.047841307,0.562427071,9.772462077
0.061472641,0,0.060121594,0.652893492,0.854875028,0.436050439,0.010358027,0.000225175,0.047624409,0.376041432
0.398726115,0.006369427,1.129936306,0.959235669,0.154140127,7.020382166,,0.398726115,0.412738854,2.908280255
0.0546875,0.00390625,0.5546875,1.31640625,0.37890625,3.0234375,0.2421875,0.0546875,0.2421875,1.23046875
0.009983361,,0.221297837,0.988352745,0.735440932,4.465890183,0.419301165,,1.15640599,9.366056572
,,,,,,,,,
,,1,1,,3.166666667,,,0,2.972222222
,0.066605546,7.14396E-05,0.414468906,0.928667532,0.128877088,0.004060152,0.00055961,0.024718111,0.955040661
0.000396354,0.296868807,0.017439556,0.370590567,0.55648038,1.25366627,0.004359889,0.164090369,0.372175981,8.873959572
0.009248555,0.000315292,0.000630583,1.050972149,0.932947977,0.779926432,0.184025223,0.000525486,0.72338413,3.101418812
0.325024155,0.010144928,0.580483092,0.689661836,0.368502415,2.042801932,0.000386473,0.000289855,0.070531401,1.560386473
,,,,,,,,,
,,0.200811359,0.922920892,0.892494929,,,,0.304259635,1.081135903
0.031985845,0.156390363,0.039608003,0.956036477,0.862801143,1.4679461,0.043419083,0.131482238,0.474207159,6.919967334
0.092705713,0.019403521,0.287100252,1.414301114,0.645346748,0.690262307,0.015810277,0.001437298,0.443047072,4.29177147
,,,,,,,,,
,0.066605546,7.14396E-05,0.414468906,0.928667532,0.128877088,0.004060152,0.00055961,0.024718111,0.955040661
,0.125,,1.25,1,209,0.0625,,1.6875,38
0.012180747,0.000589391,0.000589391,1.103732809,0.961886051,0.553438114,0.136738703,0.000785855,0.471316306,1.684675835
0.036669852,0.183468705,0.023530817,0.565695174,0.454968944,1.003822265,0.061634018,0.001433349,0.015647396,3.661132346
0.057346617,0.075082134,0.177542135,0.713133364,0.750874756,,0.090226769,0.002751142,0.147600096,1.811720399
,0.00617284,0.413580247,1.197530864,0.481481481,,0.345679012,,0.148148148,1.296296296
,0.066605546,7.14396E-05,0.414468906,0.928667532,0.128877088,0.004060152,0.00055961,0.024718111,0.955040661
0.057346617,0.075082134,0.177542135,0.713133364,0.750874756,,0.090226769,0.002751142,0.147600096,1.811720399
0.110507246,0.009057971,0.041968599,0.227355072,0.490338164,0.64281401,0.016908213,0.007246377,0.287439614,1.258454106
0.304761905,,1.126984127,0.06031746,,7.498412698,,,0,0
,0.012896825,,0.552579365,0.956349206,1.100198413,0.009920635,0.012896825,0,3.603174603
,0.179479769,0.008092486,1.139595376,0.935549133,0.802023121,0.029768786,0.214450867,1.528323699,4.207803468
,,,1,,2.162790698,,0.11627907,0.023255814,1.976744186
,0.190198366,0.011668611,1.532088681,0.920653442,0.868144691,0.288214702,0.047841307,0.562427071,9.772462077
0.566579634,0.021409922,0.312793734,0.717754569,0.042558747,1.080939948,0.00156658,0.012010444,0.312532637,7.395561358
0.036669852,0.183468705,0.023530817,0.565695174,0.454968944,1.003822265,0.061634018,0.001433349,0.015647396,3.661132346
0.450446618,0.044661846,0.737558486,1.271373883,0.319438537,3.208847299,0,0.001276053,0.022968949,0.669076989
,,,0.693661972,0.996478873,0.35915493,0.133802817,0.014084507,0.014084507,0.440140845
,0.095238095,0.079365079,0.666666667,0.476190476,,0.047619048,0.063492063,0.476190476,0.365079365
0.023503078,0.040197724,0.077317665,0.611173289,0.783529192,0.148666294,0.042156314,0.017160977,0.195299384,1.090188398
0.009248555,0.000315292,0.000630583,1.050972149,0.932947977,0.779926432,0.184025223,0.000525486,0.72338413,3.101418812
0.011135857,0.002474635,0.034521158,0.068671121,0.757485771,0.062979461,0.053452116,0.018188567,0.036624598,0.518559762
,,0.128787879,0.363636364,,4.310606061,,,0,0
0.116014027,0.018410286,0.178550555,0.473407364,0.099941555,2.119812975,0.015780245,0,0.046756283,0.469023963
,,,,,,,,,
,,,,,,,,,
0.036669852,0.183468705,0.023530817,0.565695174,0.454968944,1.003822265,0.061634018,0.001433349,0.015647396,3.661132346
,0.190198366,0.011668611,1.532088681,0.920653442,0.868144691,0.288214702,0.047841307,0.562427071,9.772462077
,0.066605546,7.14396E-05,0.414468906,0.928667532,0.128877088,0.004060152,0.00055961,0.024718111,0.955040661
,,,2,1,163.8181818,,,5.909090909,64.27272727
,,,,,,,,,
,0.179479769,0.008092486,1.139595376,0.935549133,0.802023121,0.029768786,0.214450867,1.528323699,4.207803468
,,,1.074468085,0.668085106,,0.138297872,0.00212766,2.90212766,12.32553191
,0.066605546,7.14396E-05,0.414468906,0.928667532,0.128877088,0.004060152,0.00055961,0.024718111,0.955040661
0.023503078,0.040197724,0.077317665,0.611173289,0.783529192,0.148666294,0.042156314,0.017160977,0.195299384,1.090188398
,0.066605546,7.14396E-05,0.414468906,0.928667532,0.128877088,0.004060152,0.00055961,0.024718111,0.955040661
,,,,,,,,,
0.023503078,0.040197724,0.077317665,0.611173289,0.783529192,0.148666294,0.042156314,0.017160977,0.195299384,1.090188398
,0.066605546,7.14396E-05,0.414468906,0.928667532,0.128877088,0.004060152,0.00055961,0.024718111,0.955040661
0.398726115,0.006369427,1.129936306,0.959235669,0.154140127,7.020382166,,0.398726115,0.412738854,2.908280255
0.325024155,0.010144928,0.580483092,0.689661836,0.368502415,2.042801932,0.000386473,0.000289855,0.070531401,1.560386473
0.234947368,0.023578947,0.420631579,1.261894737,0.651368421,4.757894737,0.130947368,0.025263158,0.683789474,2.408842105
,0.006531532,0.008671171,0.861711712,1.151351351,0.190765766,0.055855856,0.00213964,0.216216216,1.779391892
,0.012658228,,0.202531646,0.987341772,4.898734177,,,0,0
,0.066605546,7.14396E-05,0.414468906,0.928667532,0.128877088,0.004060152,0.00055961,0.024718111,0.955040661
,,,,,,,,,
0.057346617,0.075082134,0.177542135,0.713133364,0.750874756,,0.090226769,0.002751142,0.147600096,1.811720399
0.0546875,0.00390625,0.5546875,1.31640625,0.37890625,3.0234375,0.2421875,0.0546875,0.2421875,1.23046875
,0.066605546,7.14396E-05,0.414468906,0.928667532,0.128877088,0.004060152,0.00055961,0.024718111,0.955040661
0.009248555,0.000315292,0.000630583,1.050972149,0.932947977,0.779926432,0.184025223,0.000525486,0.72338413,3.101418812
0.057346617,0.075082134,0.177542135,0.713133364,0.750874756,,0.090226769,0.002751142,0.147600096,1.811720399
,0.959183673,,1,1,,,,2.367346939,10.36734694
0.023503078,0.040197724,0.077317665,0.611173289,0.783529192,0.148666294,0.042156314,0.017160977,0.195299384,1.090188398
0.234947368,0.023578947,0.420631579,1.261894737,0.651368421,4.757894737,0.130947368,0.025263158,0.683789474,2.408842105
0.011135318,0.056967643,0.00225934,0.632534495,0.981521827,0.879206003,0.041232954,0.007665618,0.47228274,1.233518922
,0.066,,1.03,1,0.058,0.002,,0.15,
,,,1,1,,,,22.75,413.75
0.064472553,,0.001289451,0.015964632,,,,,0,0.006692865
0.06122449,,0.93877551,1,,9.775510204,,,0,3.857142857
,,,,,,,,,
,,,,,,,,,
0.175302245,0,0.277202073,0.740932642,0.127806563,3.786701209,0.010362694,0.002590674,0.520725389,2.662348877
,0.066605546,7.14396E-05,0.414468906,0.928667532,0.128877088,0.004060152,0.00055961,0.024718111,0.955040661
0.234947368,0.023578947,0.420631579,1.261894737,0.651368421,4.757894737,0.130947368,0.025263158,0.683789474,2.408842105
0.036669852,0.183468705,0.023530817,0.565695174,0.454968944,1.003822265,0.061634018,0.001433349,0.015647396,3.661132346
0.002840237,0.15964497,0.010650888,0.54295858,0.392662722,0.335857988,0.001538462,0.000946746,0.106508876,5.273609467
,0.066605546,7.14396E-05,0.414468906,0.928667532,0.128877088,0.004060152,0.00055961,0.024718111,0.955040661
0.277777778,0.090277778,0.194444444,1.638888889,0.263888889,6.034722222,0.1875,,0.569444444,4.902777778
0.151795058,0.00419757,0.160167448,0.452916686,0.171577103,0.286845338,0.019349775,0.000659781,0.055182691,1.114324066
,0.066605546,7.14396E-05,0.414468906,0.928667532,0.128877088,0.004060152,0.00055961,0.024718111,0.955040661
0.011135857,0.002474635,0.034521158,0.068671121,0.757485771,0.062979461,0.053452116,0.018188567,0.036624598,0.518559762
,,,1,1,,0.10106383,0.058510638,0.122340426,1.670212766
,,,,,,,,,
0.011135857,0.002474635,0.034521158,0.068671121,0.757485771,0.062979461,0.053452116,0.018188567,0.036624598,0.518559762
0.206349206,0.000547345,0.290366721,1.12835249,0.253694581,0.724411604,0.104816639,0.002736727,0.116037219,2.034756431
,,,,,,,,,
0.325024155,0.010144928,0.580483092,0.689661836,0.368502415,2.042801932,0.000386473,0.000289855,0.070531401,1.560386473
0.261548882,0.022849402,0.145540754,0.945992323,0.558229849,0.767080605,0.026191014,0.003973809,0.627184466,3.940528336
0.261548882,0.022849402,0.145540754,0.945992323,0.558229849,0.767080605,0.026191014,0.003973809,0.627184466,3.940528336
0.036669852,0.183468705,0.023530817,0.565695174,0.454968944,1.003822265,0.061634018,0.001433349,0.015647396,3.661132346
0.057346617,0.075082134,0.177542135,0.713133364,0.750874756,,0.090226769,0.002751142,0.147600096,1.811720399
,0.015873016,,0.777777778,0.984126984,34.52380952,,,1.619047619,16.0952381
,,,,,,,,,
,0.179479769,0.008092486,1.139595376,0.935549133,0.802023121,0.029768786,0.214450867,1.528323699,4.207803468
0.011135857,0.002474635,0.034521158,0.068671121,0.757485771,0.062979461,0.053452116,0.018188567,0.036624598,0.518559762
0.057346617,0.075082134,0.177542135,0.713133364,0.750874756,,0.090226769,0.002751142,0.147600096,1.811720399
0.057346617,0.075082134,0.177542135,0.713133364,0.750874756,,0.090226769,0.002751142,0.147600096,1.811720399
0.009248555,0.000315292,0.000630583,1.050972149,0.932947977,0.779926432,0.184025223,0.000525486,0.72338413,3.101418812
0.057346617,0.075082134,0.177542135,0.713133364,0.750874756,,0.090226769,0.002751142,0.147600096,1.811720399
,,,,1,,1,1,1,5.5
,,,,1,,1,1,1,5.5
,0.066605546,7.14396E-05,0.414468906,0.928667532,0.128877088,0.004060152,0.00055961,0.024718111,0.955040661
,0.190198366,0.011668611,1.532088681,0.920653442,0.868144691,0.288214702,0.047841307,0.562427071,9.772462077
,,,,,,,,,
,0.009546539,,1.350835322,1.032617343,0.739061257,0.038981702,0.005568815,0.561654733,1.496420048
0.234947368,0.023578947,0.420631579,1.261894737,0.651368421,4.757894737,0.130947368,0.025263158,0.683789474,2.408842105
,,,,,,,,,
,,,0.730769231,,8.269230769,,,0.076923077,69.15384615
,0.125,,1.25,1,209,0.0625,,1.6875,38
0.0546875,0.00390625,0.5546875,1.31640625,0.37890625,3.0234375,0.2421875,0.0546875,0.2421875,1.23046875
0.009248555,0.000315292,0.000630583,1.050972149,0.932947977,0.779926432,0.184025223,0.000525486,0.72338413,3.101418812
,0.066605546,7.14396E-05,0.414468906,0.928667532,0.128877088,0.004060152,0.00055961,0.024718111,0.955040661
0.057346617,0.075082134,0.177542135,0.713133364,0.750874756,,0.090226769,0.002751142,0.147600096,1.811720399
,,,,,,,,,
,,1.018072289,3.006024096,3.006024096,,0.578313253,0.120481928,0.108433735,1.644578313
,,,,,,,,,
,,,,,,,,,
,,,,,,,,,
0.057346617,0.075082134,0.177542135,0.713133364,0.750874756,,0.090226769,0.002751142,0.147600096,1.811720399
,,0.006932409,0.245233969,1.64644714,0.616984402,0.046793761,0.004332756,0.039861352,0.406412478
,,0.006932409,0.245233969,1.64644714,0.616984402,0.046793761,0.004332756,0.039861352,0.406412478
,,,,,,,,,
,,,1,,2.162790698,,0.11627907,0.023255814,1.976744186
0.057346617,0.075082134,0.177542135,0.713133364,0.750874756,,0.090226769,0.002751142,0.147600096,1.811720399
0.057346617,0.075082134,0.177542135,0.713133364,0.750874756,,0.090226769,0.002751142,0.147600096,1.811720399
,,,,,,,,,
0.057346617,0.075082134,0.177542135,0.713133364,0.750874756,,0.090226769,0.002751142,0.147600096,1.811720399
0.031985845,0.156390363,0.039608003,0.956036477,0.862801143,1.4679461,0.043419083,0.131482238,0.474207159,6.919967334
0.011135318,0.056967643,0.00225934,0.632534495,0.981521827,0.879206003,0.041232954,0.007665618,0.47228274,1.233518922
,,,,,,,,,
0.261548882,0.022849402,0.145540754,0.945992323,0.558229849,0.767080605,0.026191014,0.003973809,0.627184466,3.940528336
,,,,,,,,,
0.011135857,0.002474635,0.034521158,0.068671121,0.757485771,0.062979461,0.053452116,0.018188567,0.036624598,0.518559762
0.023503078,0.040197724,0.077317665,0.611173289,0.783529192,0.148666294,0.042156314,0.017160977,0.195299384,1.090188398
,,,,,,,,,
,0.066605546,7.14396E-05,0.414468906,0.928667532,0.128877088,0.004060152,0.00055961,0.024718111,0.955040661
0.325744895,0.018413124,0.270840308,1.094074322,0.358553733,2.115500502,0.120522263,0.000334784,0.442249749,2.354536324
0.057346617,0.075082134,0.177542135,0.713133364,0.750874756,,0.090226769,0.002751142,0.147600096,1.811720399
,0.066605546,7.14396E-05,0.414468906,0.928667532,0.128877088,0.004060152,0.00055961,0.024718111,0.955040661
,,,1.0639413,1,,0.249825297,,0.478686233,4.42732355
0.011135318,0.056967643,0.00225934,0.632534495,0.981521827,0.879206003,0.041232954,0.007665618,0.47228274,1.233518922
,,,,,,,,,
0.70754717,,0.066037736,1.632075472,1,1.330188679,0.330188679,,1.698113208,3.716981132
0.678977273,,0.447443182,0.5625,0.194602273,2.559659091,0.008522727,,0,2.0625
,,,1,1,,0.220190198,,0,0.095098756
,0.004246285,0.163481953,0.949044586,0.439490446,0.464968153,0.06581741,0.002123142,0.649681529,0.651804671
0.343283582,,0.009950249,0.014925373,,,,0.343283582,0,0.019900498
0.011135318,0.056967643,0.00225934,0.632534495,0.981521827,0.879206003,0.041232954,0.007665618,0.47228274,1.233518922
,0.066605546,7.14396E-05,0.414468906,0.928667532,0.128877088,0.004060152,0.00055961,0.024718111,0.955040661
0.011135857,0.002474635,0.034521158,0.068671121,0.757485771,0.062979461,0.053452116,0.018188567,0.036624598,0.518559762
0.057346617,0.075082134,0.177542135,0.713133364,0.750874756,,0.090226769,0.002751142,0.147600096,1.811720399
0.023503078,0.040197724,0.077317665,0.611173289,0.783529192,0.148666294,0.042156314,0.017160977,0.195299384,1.090188398
0.023503078,0.040197724,0.077317665,0.611173289,0.783529192,0.148666294,0.042156314,0.017160977,0.195299384,1.090188398
,0.006531532,0.008671171,0.861711712,1.151351351,0.190765766,0.055855856,0.00213964,0.216216216,1.779391892
,0.066605546,7.14396E-05,0.414468906,0.928667532,0.128877088,0.004060152,0.00055961,0.024718111,0.955040661
0.011135857,0.002474635,0.034521158,0.068671121,0.757485771,0.062979461,0.053452116,0.018188567,0.036624598,0.518559762
0.151795058,0.00419757,0.160167448,0.452916686,0.171577103,0.286845338,0.019349775,0.000659781,0.055182691,1.114324066
0.011135857,0.002474635,0.034521158,0.068671121,0.757485771,0.062979461,0.053452116,0.018188567,0.036624598,0.518559762
0.0041841,,0.0041841,0.647140865,0.693165969,0.806136681,0.313807531,0.0041841,0.207810321,2.373779637
0.871794872,,0.076923077,0.256410256,0.128205128,2.897435897,0.128205128,0.076923077,0,1.666666667
0.234947368,0.023578947,0.420631579,1.261894737,0.651368421,4.757894737,0.130947368,0.025263158,0.683789474,2.408842105
0.226890756,0.058823529,0.142857143,0.470588235,0.226890756,,0.092436975,0.075630252,0.949579832,2.235294118
0.023503078,0.040197724,0.077317665,0.611173289,0.783529192,0.148666294,0.042156314,0.017160977,0.195299384,1.090188398
0.261548882,0.022849402,0.145540754,0.945992323,0.558229849,0.767080605,0.026191014,0.003973809,0.627184466,3.940528336
0.261548882,0.022849402,0.145540754,0.945992323,0.558229849,0.767080605,0.026191014,0.003973809,0.627184466,3.940528336
,0.190198366,0.011668611,1.532088681,0.920653442,0.868144691,0.288214702,0.047841307,0.562427071,9.772462077
0.057346617,0.075082134,0.177542135,0.713133364,0.750874756,,0.090226769,0.002751142,0.147600096,1.811720399
0.0546875,0.00390625,0.5546875,1.31640625,0.37890625,3.0234375,0.2421875,0.0546875,0.2421875,1.23046875
0.011135857,0.002474635,0.034521158,0.068671121,0.757485771,0.062979461,0.053452116,0.018188567,0.036624598,0.518559762
0.011135857,0.002474635,0.034521158,0.068671121,0.757485771,0.062979461,0.053452116,0.018188567,0.036624598,0.518559762
,0.066605546,7.14396E-05,0.414468906,0.928667532,0.128877088,0.004060152,0.00055961,0.024718111,0.955040661
0.297297297,,0.936936937,1.072072072,0.063063063,13.00900901,0.018018018,0.009009009,2.108108108,0.522522523
0.011135318,0.056967643,0.00225934,0.632534495,0.981521827,0.879206003,0.041232954,0.007665618,0.47228274,1.233518922
,0.190198366,0.011668611,1.532088681,0.920653442,0.868144691,0.288214702,0.047841307,0.562427071,9.772462077
,,,,,,,,,
0.057346617,0.075082134,0.177542135,0.713133364,0.750874756,,0.090226769,0.002751142,0.147600096,1.811720399
,,,,,,,,,
0.261548882,0.022849402,0.145540754,0.945992323,0.558229849,0.767080605,0.026191014,0.003973809,0.627184466,3.940528336
0.011135857,0.002474635,0.034521158,0.068671121,0.757485771,0.062979461,0.053452116,0.018188567,0.036624598,0.518559762
0.08855472,,0.00139237,0.0470621,,0.235588972,0.000556948,,0,0
0.036669852,0.183468705,0.023530817,0.565695174,0.454968944,1.003822265,0.061634018,0.001433349,0.015647396,3.661132346
0.0546875,0.00390625,0.5546875,1.31640625,0.37890625,3.0234375,0.2421875,0.0546875,0.2421875,1.23046875
0.424242424,,1.363636364,0.424242424,,1.636363636,,,0.151515152,1.242424242
0.057346617,0.075082134,0.177542135,0.713133364,0.750874756,,0.090226769,0.002751142,0.147600096,1.811720399
0.057346617,0.075082134,0.177542135,0.713133364,0.750874756,,0.090226769,0.002751142,0.147600096,1.811720399
0.066863922,,0.001299671,0.019052623,,0.02461079,5.53051E-05,0.066863922,0,0.006028261
0.057346617,0.075082134,0.177542135,0.713133364,0.750874756,,0.090226769,0.002751142,0.147600096,1.811720399
0.057346617,0.075082134,0.177542135,0.713133364,0.750874756,,0.090226769,0.002751142,0.147600096,1.811720399
0.261548882,0.022849402,0.145540754,0.945992323,0.558229849,0.767080605,0.026191014,0.003973809,0.627184466,3.940528336
,0.066605546,7.14396E-05,0.414468906,0.928667532,0.128877088,0.004060152,0.00055961,0.024718111,0.955040661
0.009248555,0.000315292,0.000630583,1.050972149,0.932947977,0.779926432,0.184025223,0.000525486,0.72338413,3.101418812
0.005473965,0.003337784,0.000133511,1.002336449,1.036448598,,0.177169559,0.003471295,0.003337784,5.541588785
0.261548882,0.022849402,0.145540754,0.945992323,0.558229849,0.767080605,0.026191014,0.003973809,0.627184466,3.940528336
,0.190198366,0.011668611,1.532088681,0.920653442,0.868144691,0.288214702,0.047841307,0.562427071,9.772462077
0.023503078,0.040197724,0.077317665,0.611173289,0.783529192,0.148666294,0.042156314,0.017160977,0.195299384,1.090188398
0.023503078,0.040197724,0.077317665,0.611173289,0.783529192,0.148666294,0.042156314,0.017160977,0.195299384,1.090188398
,0.066605546,7.14396E-05,0.414468906,0.928667532,0.128877088,0.004060152,0.00055961,0.024718111,0.955040661
,,,,,,,,,
0.325744895,0.018413124,0.270840308,1.094074322,0.358553733,2.115500502,0.120522263,0.000334784,0.442249749,2.354536324
0.057346617,0.075082134,0.177542135,0.713133364,0.750874756,,0.090226769,0.002751142,0.147600096,1.811720399
0.011135857,0.002474635,0.034521158,0.068671121,0.757485771,0.062979461,0.053452116,0.018188567,0.036624598,0.518559762
,,0.25,0.722222222,,9.944444444,,,0,5.861111111
0.036669852,0.183468705,0.023530817,0.565695174,0.454968944,1.003822265,0.061634018,0.001433349,0.015647396,3.661132346
,,,1,1,,0.220190198,,0,0.095098756
,0.006531532,0.008671171,0.861711712,1.151351351,0.190765766,0.055855856,0.00213964,0.216216216,1.779391892
,0.066605546,7.14396E-05,0.414468906,0.928667532,0.128877088,0.004060152,0.00055961,0.024718111,0.955040661
0.261548882,0.022849402,0.145540754,0.945992323,0.558229849,0.767080605,0.026191014,0.003973809,0.627184466,3.940528336
0.023503078,0.040197724,0.077317665,0.611173289,0.783529192,0.148666294,0.042156314,0.017160977,0.195299384,1.090188398
,0.006531532,0.008671171,0.861711712,1.151351351,0.190765766,0.055855856,0.00213964,0.216216216,1.779391892
,0.002304147,0.216589862,2.002304147,0.18202765,10.39170507,0.610599078,,1.933179724,3.811059908
,0.190198366,0.011668611,1.532088681,0.920653442,0.868144691,0.288214702,0.047841307,0.562427071,9.772462077
1,,0.730769231,1.480769231,,4,,,0,1.846153846
0.023503078,0.040197724,0.077317665,0.611173289,0.783529192,0.148666294,0.042156314,0.017160977,0.195299384,1.090188398
0.011135857,0.002474635,0.034521158,0.068671121,0.757485771,0.062979461,0.053452116,0.018188567,0.036624598,0.518559762
0.234947368,0.023578947,0.420631579,1.261894737,0.651368421,4.757894737,0.130947368,0.025263158,0.683789474,2.408842105
,0.066605546,7.14396E-05,0.414468906,0.928667532,0.128877088,0.004060152,0.00055961,0.024718111,0.955040661
,0.066605546,7.14396E-05,0.414468906,0.928667532,0.128877088,0.004060152,0.00055961,0.024718111,0.955040661
,0.066605546,7.14396E-05,0.414468906,0.928667532,0.128877088,0.004060152,0.00055961,0.024718111,0.955040661
0.234947368,0.023578947,0.420631579,1.261894737,0.651368421,4.757894737,0.130947368,0.025263158,0.683789474,2.408842105
,0.066605546,7.14396E-05,0.414468906,0.928667532,0.128877088,0.004060152,0.00055961,0.024718111,0.955040661
0.234947368,0.023578947,0.420631579,1.261894737,0.651368421,4.757894737,0.130947368,0.025263158,0.683789474,2.408842105
,0.737214792,,0.963021243,1,1.931549961,0.012588513,0.608969315,0.145554681,6.299763965
,0.190198366,0.011668611,1.532088681,0.920653442,0.868144691,0.288214702,0.047841307,0.562427071,9.772462077
0.057346617,0.075082134,0.177542135,0.713133364,0.750874756,,0.090226769,0.002751142,0.147600096,1.811720399
0.261548882,0.022849402,0.145540754,0.945992323,0.558229849,0.767080605,0.026191014,0.003973809,0.627184466,3.940528336
0.023503078,0.040197724,0.077317665,0.611173289,0.783529192,0.148666294,0.042156314,0.017160977,0.195299384,1.090188398
0.012775018,,0.009226402,0.268275373,0.987224982,,0.001419446,,0.008516678,0.122072392
,0.066605546,7.14396E-05,0.414468906,0.928667532,0.128877088,0.004060152,0.00055961,0.024718111,0.955040661
0.343283582,,0.009950249,0.014925373,,,,0.343283582,0,0.019900498
0.057346617,0.075082134,0.177542135,0.713133364,0.750874756,,0.090226769,0.002751142,0.147600096,1.811720399
0.587096774,0.1,0.303225806,2.112903226,0.183870968,,0.006451613,,0.5,4.04516129
,,,,,,,,,
0.0546875,0.00390625,0.5546875,1.31640625,0.37890625,3.0234375,0.2421875,0.0546875,0.2421875,1.23046875
,0.066605546,7.14396E-05,0.414468906,0.928667532,0.128877088,0.004060152,0.00055961,0.024718111,0.955040661
0.151795058,0.00419757,0.160167448,0.452916686,0.171577103,0.286845338,0.019349775,0.000659781,0.055182691,1.114324066
,0.190198366,0.011668611,1.532088681,0.920653442,0.868144691,0.288214702,0.047841307,0.562427071,9.772462077
,,,,,,,,,
0.066863922,,0.001299671,0.019052623,,0.02461079,5.53051E-05,0.066863922,0,0.006028261
0.234947368,0.023578947,0.420631579,1.261894737,0.651368421,4.757894737,0.130947368,0.025263158,0.683789474,2.408842105
,0.066605546,7.14396E-05,0.414468906,0.928667532,0.128877088,0.004060152,0.00055961,0.024718111,0.955040661
,0.066605546,7.14396E-05,0.414468906,0.928667532,0.128877088,0.004060152,0.00055961,0.024718111,0.955040661
0.057346617,0.075082134,0.177542135,0.713133364,0.750874756,,0.090226769,0.002751142,0.147600096,1.811720399
0.011135857,0.002474635,0.034521158,0.068671121,0.757485771,0.062979461,0.053452116,0.018188567,0.036624598,0.518559762
0.011135318,0.056967643,0.00225934,0.632534495,0.981521827,0.879206003,0.041232954,0.007665618,0.47228274,1.233518922
,0.772727273,,0.772727273,0.939393939,1.378787879,0.045454545,,0.363636364,2.757575758
0.151795058,0.00419757,0.160167448,0.452916686,0.171577103,0.286845338,0.019349775,0.000659781,0.055182691,1.114324066
,0.066605546,7.14396E-05,0.414468906,0.928667532,0.128877088,0.004060152,0.00055961,0.024718111,0.955040661
1,,1,3,,9,,,26,11
,,,,,,,,,
0.261548882,0.022849402,0.145540754,0.945992323,0.558229849,0.767080605,0.026191014,0.003973809,0.627184466,3.940528336
,,,,,,,,,
0.057346617,0.075082134,0.177542135,0.713133364,0.750874756,,0.090226769,0.002751142,0.147600096,1.811720399
0.325024155,0.010144928,0.580483092,0.689661836,0.368502415,2.042801932,0.000386473,0.000289855,0.070531401,1.560386473
,0.066605546,7.14396E-05,0.414468906,0.928667532,0.128877088,0.004060152,0.00055961,0.024718111,0.955040661
,,,,,,,,,
,0.066605546,7.14396E-05,0.414468906,0.928667532,0.128877088,0.004060152,0.00055961,0.024718111,0.955040661
0.325024155,0.010144928,0.580483092,0.689661836,0.368502415,2.042801932,0.000386473,0.000289855,0.070531401,1.560386473
,0.006531532,0.008671171,0.861711712,1.151351351,0.190765766,0.055855856,0.00213964,0.216216216,1.779391892
,0.066605546,7.14396E-05,0.414468906,0.928667532,0.128877088,0.004060152,0.00055961,0.024718111,0.955040661
0.325024155,0.010144928,0.580483092,0.689661836,0.368502415,2.042801932,0.000386473,0.000289855,0.070531401,1.560386473
0.010175579,0.0207502,0.000997606,0.96009577,1.018306065,0.542747406,0.191540303,0.004738627,0.024590982,5.32816241
0.325024155,0.010144928,0.580483092,0.689661836,0.368502415,2.042801932,0.000386473,0.000289855,0.070531401,1.560386473
0.261548882,0.022849402,0.145540754,0.945992323,0.558229849,0.767080605,0.026191014,0.003973809,0.627184466,3.940528336
0.057346617,0.075082134,0.177542135,0.713133364,0.750874756,,0.090226769,0.002751142,0.147600096,1.811720399
0.057346617,0.075082134,0.177542135,0.713133364,0.750874756,,0.090226769,0.002751142,0.147600096,1.811720399
0.011135857,0.002474635,0.034521158,0.068671121,0.757485771,0.062979461,0.053452116,0.018188567,0.036624598,0.518559762
,,,,,,,,,
,0.066605546,7.14396E-05,0.414468906,0.928667532,0.128877088,0.004060152,0.00055961,0.024718111,0.955040661
0.0546875,0.00390625,0.5546875,1.31640625,0.37890625,3.0234375,0.2421875,0.0546875,0.2421875,1.23046875
,0.066605546,7.14396E-05,0.414468906,0.928667532,0.128877088,0.004060152,0.00055961,0.024718111,0.955040661
,0.125,,1.25,1,209,0.0625,,1.6875,38
,,,,,,,,,
,0.190198366,0.011668611,1.532088681,0.920653442,0.868144691,0.288214702,0.047841307,0.562427071,9.772462077
,,0.699186992,1.18699187,,,0.487804878,,0.016260163,0
0.234947368,0.023578947,0.420631579,1.261894737,0.651368421,4.757894737,0.130947368,0.025263158,0.683789474,2.408842105
0.031985845,0.156390363,0.039608003,0.956036477,0.862801143,1.4679461,0.043419083,0.131482238,0.474207159,6.919967334
,0.066605546,7.14396E-05,0.414468906,0.928667532,0.128877088,0.004060152,0.00055961,0.024718111,0.955040661
,0.066605546,7.14396E-05,0.414468906,0.928667532,0.128877088,0.004060152,0.00055961,0.024718111,0.955040661
0.011135857,0.002474635,0.034521158,0.068671121,0.757485771,0.062979461,0.053452116,0.018188567,0.036624598,0.518559762
0.0546875,0.00390625,0.5546875,1.31640625,0.37890625,3.0234375,0.2421875,0.0546875,0.2421875,1.23046875
0.023503078,0.040197724,0.077317665,0.611173289,0.783529192,0.148666294,0.042156314,0.017160977,0.195299384,1.090188398
,0.610544218,0.073129252,0.75,0.156462585,1.24829932,0.010204082,0.299319728,0.50170068,4.280612245
,0.066605546,7.14396E-05,0.414468906,0.928667532,0.128877088,0.004060152,0.00055961,0.024718111,0.955040661
0.20754717,0.943396226,0.056603774,1,1,1.037735849,0.037735849,,0,0.679245283
0.009248555,0.000315292,0.000630583,1.050972149,0.932947977,0.779926432,0.184025223,0.000525486,0.72338413,3.101418812
0.011135857,0.002474635,0.034521158,0.068671121,0.757485771,0.062979461,0.053452116,0.018188567,0.036624598,0.518559762
0.038461538,,,0.038461538,,,,,0,0
,0.179479769,0.008092486,1.139595376,0.935549133,0.802023121,0.029768786,0.214450867,1.528323699,4.207803468
0.234947368,0.023578947,0.420631579,1.261894737,0.651368421,4.757894737,0.130947368,0.025263158,0.683789474,2.408842105
0.011135857,0.002474635,0.034521158,0.068671121,0.757485771,0.062979461,0.053452116,0.018188567,0.036624598,0.518559762
0.057346617,0.075082134,0.177542135,0.713133364,0.750874756,,0.090226769,0.002751142,0.147600096,1.811720399
0.031985845,0.156390363,0.039608003,0.956036477,0.862801143,1.4679461,0.043419083,0.131482238,0.474207159,6.919967334
0.036669852,0.183468705,0.023530817,0.565695174,0.454968944,1.003822265,0.061634018,0.001433349,0.015647396,3.661132346
0.036669852,0.183468705,0.023530817,0.565695174,0.454968944,1.003822265,0.061634018,0.001433349,0.015647396,3.661132346
,0.190198366,0.011668611,1.532088681,0.920653442,0.868144691,0.288214702,0.047841307,0.562427071,9.772462077
,0.066605546,7.14396E-05,0.414468906,0.928667532,0.128877088,0.004060152,0.00055961,0.024718111,0.955040661
0.057346617,0.075082134,0.177542135,0.713133364,0.750874756,,0.090226769,0.002751142,0.147600096,1.811720399
0.0546875,0.00390625,0.5546875,1.31640625,0.37890625,3.0234375,0.2421875,0.0546875,0.2421875,1.23046875
0.325024155,0.010144928,0.580483092,0.689661836,0.368502415,2.042801932,0.000386473,0.000289855,0.070531401,1.560386473
,,,,,,,,,
0.057346617,0.075082134,0.177542135,0.713133364,0.750874756,,0.090226769,0.002751142,0.147600096,1.811720399
,0.066605546,7.14396E-05,0.414468906,0.928667532,0.128877088,0.004060152,0.00055961,0.024718111,0.955040661
,0.190198366,0.011668611,1.532088681,0.920653442,0.868144691,0.288214702,0.047841307,0.562427071,9.772462077
,,,,,,,,,
0.011135318,0.056967643,0.00225934,0.632534495,0.981521827,0.879206003,0.041232954,0.007665618,0.47228274,1.233518922
0.031985845,0.156390363,0.039608003,0.956036477,0.862801143,1.4679461,0.043419083,0.131482238,0.474207159,6.919967334
,0.783251232,0.044334975,1.049261084,0.891625616,,0.054187192,0.024630542,0.591133005,3.684729064
0.234947368,0.023578947,0.420631579,1.261894737,0.651368421,4.757894737,0.130947368,0.025263158,0.683789474,2.408842105
,0.190198366,0.011668611,1.532088681,0.920653442,0.868144691,0.288214702,0.047841307,0.562427071,9.772462077
,0.190198366,0.011668611,1.532088681,0.920653442,0.868144691,0.288214702,0.047841307,0.562427071,9.772462077
0.057346617,0.075082134,0.177542135,0.713133364,0.750874756,,0.090226769,0.002751142,0.147600096,1.811720399
0.031985845,0.156390363,0.039608003,0.956036477,0.862801143,1.4679461,0.043419083,0.131482238,0.474207159,6.919967334
0.011135857,0.002474635,0.034521158,0.068671121,0.757485771,0.062979461,0.053452116,0.018188567,0.036624598,0.518559762
0.234947368,0.023578947,0.420631579,1.261894737,0.651368421,4.757894737,0.130947368,0.025263158,0.683789474,2.408842105
,0.066605546,7.14396E-05,0.414468906,0.928667532,0.128877088,0.004060152,0.00055961,0.024718111,0.955040661
0.398726115,0.006369427,1.129936306,0.959235669,0.154140127,7.020382166,,0.398726115,0.412738854,2.908280255
,0.190198366,0.011668611,1.532088681,0.920653442,0.868144691,0.288214702,0.047841307,0.562427071,9.772462077
0.0546875,0.00390625,0.5546875,1.31640625,0.37890625,3.0234375,0.2421875,0.0546875,0.2421875,1.23046875
,,,,,,,,,
,,,,,,,,,
,0.190198366,0.011668611,1.532088681,0.920653442,0.868144691,0.288214702,0.047841307,0.562427071,9.772462077
0.261548882,0.022849402,0.145540754,0.945992323,0.558229849,0.767080605,0.026191014,0.003973809,0.627184466,3.940528336
,,,,,,,,,
0.011135857,0.002474635,0.034521158,0.068671121,0.757485771,0.062979461,0.053452116,0.018188567,0.036624598,0.518559762
0.011135857,0.002474635,0.034521158,0.068671121,0.757485771,0.062979461,0.053452116,0.018188567,0.036624598,0.518559762
0.057346617,0.075082134,0.177542135,0.713133364,0.750874756,,0.090226769,0.002751142,0.147600096,1.811720399
0.011135857,0.002474635,0.034521158,0.068671121,0.757485771,0.062979461,0.053452116,0.018188567,0.036624598,0.518559762
,,,,,,,,,
,0.190198366,0.011668611,1.532088681,0.920653442,0.868144691,0.288214702,0.047841307,0.562427071,9.772462077
,0.190198366,0.011668611,1.532088681,0.920653442,0.868144691,0.288214702,0.047841307,0.562427071,9.772462077
,0.190198366,0.011668611,1.532088681,0.920653442,0.868144691,0.288214702,0.047841307,0.562427071,9.772462077
,,,,,,,,,
,,,1,,2.162790698,,0.11627907,0.023255814,1.976744186
,0.066605546,7.14396E-05,0.414468906,0.928667532,0.128877088,0.004060152,0.00055961,0.024718111,0.955040661
,0.066605546,7.14396E-05,0.414468906,0.928667532,0.128877088,0.004060152,0.00055961,0.024718111,0.955040661
,0.066605546,7.14396E-05,0.414468906,0.928667532,0.128877088,0.004060152,0.00055961,0.024718111,0.955040661
0.234947368,0.023578947,0.420631579,1.261894737,0.651368421,4.757894737,0.130947368,0.025263158,0.683789474,2.408842105
,0.190198366,0.011668611,1.532088681,0.920653442,0.868144691,0.288214702,0.047841307,0.562427071,9.772462077
,,,,,,,,,
0.011135857,0.002474635,0.034521158,0.068671121,0.757485771,0.062979461,0.053452116,0.018188567,0.036624598,0.518559762
0.011135857,0.002474635,0.034521158,0.068671121,0.757485771,0.062979461,0.053452116,0.018188567,0.036624598,0.518559762
0.011135857,0.002474635,0.034521158,0.068671121,0.757485771,0.062979461,0.053452116,0.018188567,0.036624598,0.518559762
0.011135857,0.002474635,0.034521158,0.068671121,0.757485771,0.062979461,0.053452116,0.018188567,0.036624598,0.518559762
0.031985845,0.156390363,0.039608003,0.956036477,0.862801143,1.4679461,0.043419083,0.131482238,0.474207159,6.919967334
,,,,,,,,,
,0.066605546,7.14396E-05,0.414468906,0.928667532,0.128877088,0.004060152,0.00055961,0.024718111,0.955040661
0.009248555,0.000315292,0.000630583,1.050972149,0.932947977,0.779926432,0.184025223,0.000525486,0.72338413,3.101418812
0.011135318,0.056967643,0.00225934,0.632534495,0.981521827,0.879206003,0.041232954,0.007665618,0.47228274,1.233518922
,,,,,,,,,
0.009248555,0.000315292,0.000630583,1.050972149,0.932947977,0.779926432,0.184025223,0.000525486,0.72338413,3.101418812
,,,,,,,,,
,0.190198366,0.011668611,1.532088681,0.920653442,0.868144691,0.288214702,0.047841307,0.562427071,9.772462077
0.023503078,0.040197724,0.077317665,0.611173289,0.783529192,0.148666294,0.042156314,0.017160977,0.195299384,1.090188398
0.732824427,0,0.282442748,1.358778626,0.267175573,4.534351145,0.061068702,0.022900763,0,3.251908397
,0.066605546,7.14396E-05,0.414468906,0.928667532,0.128877088,0.004060152,0.00055961,0.024718111,0.955040661
0.023503078,0.040197724,0.077317665,0.611173289,0.783529192,0.148666294,0.042156314,0.017160977,0.195299384,1.090188398
,,,,,,,,,
,,,,,,,,,
,,,,,,,,,
,0.066605546,7.14396E-05,0.414468906,0.928667532,0.128877088,0.004060152,0.00055961,0.024718111,0.955040661
,,,,,,,,,
,0.066605546,7.14396E-05,0.414468906,0.928667532,0.128877088,0.004060152,0.00055961,0.024718111,0.955040661
,0.066605546,7.14396E-05,0.414468906,0.928667532,0.128877088,0.004060152,0.00055961,0.024718111,0.955040661
,0.006531532,0.008671171,0.861711712,1.151351351,0.190765766,0.055855856,0.00213964,0.216216216,1.779391892
0.023503078,0.040197724,0.077317665,0.611173289,0.783529192,0.148666294,0.042156314,0.017160977,0.195299384,1.090188398
,0.066605546,7.14396E-05,0.414468906,0.928667532,0.128877088,0.004060152,0.00055961,0.024718111,0.955040661
0.023503078,0.040197724,0.077317665,0.611173289,0.783529192,0.148666294,0.042156314,0.017160977,0.195299384,1.090188398
,,,1.720930233,1,5.697674419,0.186046512,0.325581395,0.465116279,2.837209302
,,,,,,,,,
,0.006531532,0.008671171,0.861711712,1.151351351,0.190765766,0.055855856,0.00213964,0.216216216,1.779391892
,0.006531532,0.008671171,0.861711712,1.151351351,0.190765766,0.055855856,0.00213964,0.216216216,1.779391892
,0.066605546,7.14396E-05,0.414468906,0.928667532,0.128877088,0.004060152,0.00055961,0.024718111,0.955040661
,,,,,,,,,
,0.190198366,0.011668611,1.532088681,0.920653442,0.868144691,0.288214702,0.047841307,0.562427071,9.772462077
,,,1,,,,0.11627907,0.023255814,1.976744186
0.398726115,0.006369427,1.129936306,0.959235669,0.154140127,7.020382166,,0.398726115,0.412738854,2.908280255
,0.066605546,7.14396E-05,0.414468906,0.928667532,0.128877088,0.004060152,0.00055961,0.024718111,0.955040661
0.325024155,0.010144928,0.580483092,0.689661836,0.368502415,2.042801932,0.000386473,0.000289855,0.070531401,1.560386473
0.057346617,0.075082134,0.177542135,0.713133364,0.750874756,,0.090226769,0.002751142,0.147600096,1.811720399
0.011135857,0.002474635,0.034521158,0.068671121,0.757485771,0.062979461,0.053452116,0.018188567,0.036624598,0.518559762
,0.066605546,7.14396E-05,0.414468906,0.928667532,0.128877088,0.004060152,0.00055961,0.024718111,0.955040661
0.057346617,0.075082134,0.177542135,0.713133364,0.750874756,,0.090226769,0.002751142,0.147600096,1.811720399
,0.006531532,0.008671171,0.861711712,1.151351351,0.190765766,0.055855856,0.00213964,0.216216216,1.779391892
,0.066605546,7.14396E-05,0.414468906,0.928667532,0.128877088,0.004060152,0.00055961,0.024718111,0.955040661
,,,,,,,,,
0.011135318,0.056967643,0.00225934,0.632534495,0.981521827,0.879206003,0.041232954,0.007665618,0.47228274,1.233518922
,0.066605546,7.14396E-05,0.414468906,0.928667532,0.128877088,0.004060152,0.00055961,0.024718111,0.955040661
,0.066605546,7.14396E-05,0.414468906,0.928667532,0.128877088,0.004060152,0.00055961,0.024718111,0.955040661
0.023503078,0.040197724,0.077317665,0.611173289,0.783529192,0.148666294,0.042156314,0.017160977,0.195299384,1.090188398
0.023503078,0.040197724,0.077317665,0.611173289,0.783529192,0.148666294,0.042156314,0.017160977,0.195299384,1.090188398
,,,,,,,,,
0.024271845,,0.305825243,0.742718447,1.932038835,8.266990291,0.126213592,,0.393203883,1.67961165
,,,,,,,,,
0.031985845,0.156390363,0.039608003,0.956036477,0.862801143,1.4679461,0.043419083,0.131482238,0.474207159,6.919967334
,,,,,,,,,
0.432432432,0.024948025,0.669438669,1.544698545,0.079002079,9.509355509,0.062370062,,0.9002079,10.48648649
0.261548882,0.022849402,0.145540754,0.945992323,0.558229849,0.767080605,0.026191014,0.003973809,0.627184466,3.940528336
0.057346617,0.075082134,0.177542135,0.713133364,0.750874756,,0.090226769,0.002751142,0.147600096,1.811720399
0.325024155,0.010144928,0.580483092,0.689661836,0.368502415,2.042801932,0.000386473,0.000289855,0.070531401,1.560386473
,,,,,,,,,
,0.190198366,0.011668611,1.532088681,0.920653442,0.868144691,0.288214702,0.047841307,0.562427071,9.772462077
0.911111111,,0.688888889,0.911111111,1,52.82222222,,,0,0
,0.190198366,0.011668611,1.532088681,0.920653442,0.868144691,0.288214702,0.047841307,0.562427071,9.772462077
0.010869565,,,0.983695652,0.358695652,7.619565217,0.02173913,,0.668478261,13.67934783
,0.125,,1.25,1,88.125,0.0625,,1.6875,38
,0.066605546,7.14396E-05,0.414468906,0.928667532,0.128877088,0.004060152,0.00055961,0.024718111,0.955040661
,0.066605546,7.14396E-05,0.414468906,0.928667532,0.128877088,0.004060152,0.00055961,0.024718111,0.955040661
,,0.951456311,0.747572816,,1.504854369,,,0.155339806,3.13592233
,,0.951456311,0.747572816,,3.155339806,,,0.155339806,3.13592233
0.057346617,0.075082134,0.177542135,0.713133364,0.750874756,,0.090226769,0.002751142,0.147600096,1.811720399
,,,,,,,,,
,,,,,,,,,
0.92173913,,0.613043478,0.92173913,1,,,,0,0
0.011135857,0.002474635,0.034521158,0.068671121,0.757485771,0.062979461,0.053452116,0.018188567,0.036624598,0.518559762
0.398726115,0.006369427,1.129936306,0.959235669,0.154140127,7.020382166,,0.398726115,0.412738854,2.908280255
,,,,,,,,,
0.009248555,0.000315292,0.000630583,1.050972149,0.932947977,0.779926432,0.184025223,0.000525486,0.72338413,3.101418812
,,,,,,,,,
0.011135318,0.056967643,0.00225934,0.632534495,0.981521827,0.879206003,0.041232954,0.007665618,0.47228274,1.233518922
,,,,,,,,,
0.031985845,0.156390363,0.039608003,0.956036477,0.862801143,1.4679461,0.043419083,0.131482238,0.474207159,6.919967334
,,,,,,,,,
0.011135857,0.002474635,0.034521158,0.068671121,0.757485771,0.062979461,0.053452116,0.018188567,0.036624598,0.518559762
0.057346617,0.075082134,0.177542135,0.713133364,0.750874756,,0.090226769,0.002751142,0.147600096,1.811720399
0.011135318,0.056967643,0.00225934,0.632534495,0.981521827,0.879206003,0.041232954,0.007665618,0.47228274,1.233518922
0.343283582,,0.009950249,0.014925373,,,,0.343283582,0,0.019900498
,,,,,,,,,
0.234947368,0.023578947,0.420631579,1.261894737,0.651368421,4.757894737,0.130947368,0.025263158,0.683789474,2.408842105
,,,,,,,,,
0.072243346,0.036121673,0.034220532,0.539923954,0.937262357,3.846007605,0.051330798,0.005703422,0.123574144,0.505703422
0.388571429,,0.011428571,0.011428571,,,,,0,0
0.343283582,,0.009950249,0.014925373,,,,0.343283582,0,0.019900498
,0.179479769,0.008092486,1.139595376,0.935549133,0.802023121,0.029768786,0.214450867,1.528323699,4.207803468
0.261548882,0.022849402,0.145540754,0.945992323,0.558229849,0.767080605,0.026191014,0.003973809,0.627184466,3.940528336
0.010175579,0.0207502,0.000997606,0.96009577,1.018306065,0.542747406,0.191540303,0.004738627,0.024590982,5.32816241
,,,,,,,,,
0.002810304,0.157962529,0.010538642,0.547775176,0.38852459,0.373185012,0.001522248,0.000936768,0.109367681,5.260070258
0.343283582,,0.009950249,0.014925373,,,,0.343283582,0,0.019900498
0.343283582,,0.009950249,0.014925373,,,,0.343283582,0,0.019900498
0.023503078,0.040197724,0.077317665,0.611173289,0.783529192,0.148666294,0.042156314,0.017160977,0.195299384,1.090188398
0.151795058,0.00419757,0.160167448,0.452916686,0.171577103,0.286845338,0.019349775,0.000659781,0.055182691,1.114324066
0.057346617,0.075082134,0.177542135,0.713133364,0.750874756,,0.090226769,0.002751142,0.147600096,1.811720399
0.036669852,0.183468705,0.023530817,0.565695174,0.454968944,1.003822265,0.061634018,0.001433349,0.015647396,3.661132346
0.0546875,0.00390625,0.5546875,1.31640625,0.37890625,3.0234375,0.2421875,0.0546875,0.2421875,1.23046875
,0.006531532,0.008671171,0.861711712,1.151351351,0.190765766,0.055855856,0.00213964,0.216216216,1.779391892
0.057346617,0.075082134,0.177542135,0.713133364,0.750874756,,0.090226769,0.002751142,0.147600096,1.811720399
,0.190198366,0.011668611,1.532088681,0.920653442,0.868144691,0.288214702,0.047841307,0.562427071,9.772462077
,0.066605546,7.14396E-05,0.414468906,0.928667532,0.128877088,0.004060152,0.00055961,0.024718111,0.955040661
,0.006531532,0.008671171,0.861711712,1.151351351,0.190765766,0.055855856,0.00213964,0.216216216,1.779391892
0.002810304,0.157962529,0.010538642,0.547775176,0.38852459,0.373185012,0.001522248,0.000936768,0.109367681,5.260070258
0.057346617,0.075082134,0.177542135,0.713133364,0.750874756,,0.090226769,0.002751142,0.147600096,1.811720399
0.009248555,0.000315292,0.000630583,1.050972149,0.932947977,0.779926432,0.184025223,0.000525486,0.72338413,3.101418812
0.011135318,0.056967643,0.00225934,0.632534495,0.981521827,0.879206003,0.041232954,0.007665618,0.47228274,1.233518922
,,,,,,,,,
0.057346617,0.075082134,0.177542135,0.713133364,0.750874756,,0.090226769,0.002751142,0.147600096,1.811720399
0.011135857,0.002474635,0.034521158,0.068671121,0.757485771,0.062979461,0.053452116,0.018188567,0.036624598,0.518559762
0.023503078,0.040197724,0.077317665,0.611173289,0.783529192,0.148666294,0.042156314,0.017160977,0.195299384,1.090188398
,,,,,,,,,
0.325024155,0.010144928,0.580483092,0.689661836,0.368502415,2.042801932,0.000386473,0.000289855,0.070531401,1.560386473
0.011135318,0.056967643,0.00225934,0.632534495,0.981521827,0.879206003,0.041232954,0.007665618,0.47228274,1.233518922
,,,,,,,,,
,0.066605546,7.14396E-05,0.414468906,0.928667532,0.128877088,0.004060152,0.00055961,0.024718111,0.955040661
0.009248555,0.000315292,0.000630583,1.050972149,0.932947977,0.779926432,0.184025223,0.000525486,0.72338413,3.101418812
0.023503078,0.040197724,0.077317665,0.611173289,0.783529192,0.148666294,0.042156314,0.017160977,0.195299384,1.090188398
0.023503078,0.040197724,0.077317665,0.611173289,0.783529192,0.148666294,0.042156314,0.017160977,0.195299384,1.090188398
0.011135857,0.002474635,0.034521158,0.068671121,0.757485771,0.062979461,0.053452116,0.018188567,0.036624598,0.518559762
0.023503078,0.040197724,0.077317665,0.611173289,0.783529192,0.148666294,0.042156314,0.017160977,0.195299384,1.090188398
0.023503078,0.040197724,0.077317665,0.611173289,0.783529192,0.148666294,0.042156314,0.017160977,0.195299384,1.090188398
0.023503078,0.040197724,0.077317665,0.611173289,0.783529192,0.148666294,0.042156314,0.017160977,0.195299384,1.090188398
0.023503078,0.040197724,0.077317665,0.611173289,0.783529192,0.148666294,0.042156314,0.017160977,0.195299384,1.090188398
0.023503078,0.040197724,0.077317665,0.611173289,0.783529192,0.148666294,0.042156314,0.017160977,0.195299384,1.090188398
0.023503078,0.040197724,0.077317665,0.611173289,0.783529192,0.148666294,0.042156314,0.017160977,0.195299384,1.090188398
,,,,,,,,,
0.057346617,0.075082134,0.177542135,0.713133364,0.750874756,,0.090226769,0.002751142,0.147600096,1.811720399
0.325024155,0.010144928,0.580483092,0.689661836,0.368502415,2.042801932,0.000386473,0.000289855,0.070531401,1.560386473
0.261548882,0.022849402,0.145540754,0.945992323,0.558229849,0.767080605,0.026191014,0.003973809,0.627184466,3.940528336
0.009248555,0.000315292,0.000630583,1.050972149,0.932947977,0.779926432,0.184025223,0.000525486,0.72338413,3.101418812
0.151795058,0.00419757,0.160167448,0.452916686,0.171577103,0.286845338,0.019349775,0.000659781,0.055182691,1.114324066
,0.066605546,7.14396E-05,0.414468906,0.928667532,0.128877088,0.004060152,0.00055961,0.024718111,0.955040661
0.057346617,0.075082134,0.177542135,0.713133364,0.750874756,,0.090226769,0.002751142,0.147600096,1.811720399
,,,,,,,,,
0.0546875,0.00390625,0.5546875,1.31640625,0.37890625,3.0234375,0.2421875,0.0546875,0.2421875,1.23046875
0.000516796,0.201550388,0.000516796,0.255297158,0.678036176,0.718346253,0.002583979,0.122997416,0.326098191,10.26976744
,0.066605546,7.14396E-05,0.414468906,0.928667532,0.128877088,0.004060152,0.00055961,0.024718111,0.955040661
,0.066605546,7.14396E-05,0.414468906,0.928667532,0.128877088,0.004060152,0.00055961,0.024718111,0.955040661
0.000396354,0.296868807,0.017439556,0.370590567,0.55648038,1.25366627,0.004359889,0.164090369,0.372175981,8.873959572
0.057346617,0.075082134,0.177542135,0.713133364,0.750874756,,0.090226769,0.002751142,0.147600096,1.811720399
,0.066605546,7.14396E-05,0.414468906,0.928667532,0.128877088,0.004060152,0.00055961,0.024718111,0.955040661
,,,,,,,,,
0.151795058,0.00419757,0.160167448,0.452916686,0.171577103,0.286845338,0.019349775,0.000659781,0.055182691,1.114324066
,,,,,,,,,
0.000396354,0.296868807,0.017439556,0.370590567,0.55648038,1.25366627,0.004359889,0.164090369,0.372175981,8.873959572
0.023503078,0.040197724,0.077317665,0.611173289,0.783529192,0.148666294,0.042156314,0.017160977,0.195299384,1.090188398
0.061170213,,,0.978723404,0.819148936,,0.132978723,,0.494680851,1.5
0.009248555,0.000315292,0.000630583,1.050972149,0.932947977,0.779926432,0.184025223,0.000525486,0.72338413,3.101418812
,0.066605546,7.14396E-05,0.414468906,0.928667532,0.128877088,0.004060152,0.00055961,0.024718111,0.955040661
,,,,,,,,,
0.031985845,0.156390363,0.039608003,0.956036477,0.862801143,1.4679461,0.043419083,0.131482238,0.474207159,6.919967334
0.023503078,0.040197724,0.077317665,0.611173289,0.783529192,0.148666294,0.042156314,0.017160977,0.195299384,1.090188398
0.151795058,0.00419757,0.160167448,0.452916686,0.171577103,0.286845338,0.019349775,0.000659781,0.055182691,1.114324066
0.151795058,0.00419757,0.160167448,0.452916686,0.171577103,0.286845338,0.019349775,0.000659781,0.055182691,1.114324066
,,,,,,,,,
0.057346617,0.075082134,0.177542135,0.713133364,0.750874756,,0.090226769,0.002751142,0.147600096,1.811720399
,,,,,,,,,
0.009248555,0.000315292,0.000630583,1.050972149,0.932947977,0.779926432,0.184025223,0.000525486,0.72338413,3.101418812
,,,,,,,,,
,0.066605546,7.14396E-05,0.414468906,0.928667532,0.128877088,0.004060152,0.00055961,0.024718111,0.955040661
0.011135318,0.056967643,0.00225934,0.632534495,0.981521827,0.879206003,0.041232954,0.007665618,0.47228274,1.233518922
,,,,,,,,,
0.0546875,0.00390625,0.5546875,1.31640625,0.37890625,3.0234375,0.2421875,0.0546875,0.2421875,1.23046875
,,,,,,,,,
0.009248555,0.000315292,0.000630583,1.050972149,0.932947977,0.779926432,0.184025223,0.000525486,0.72338413,3.101418812
0.057346617,0.075082134,0.177542135,0.713133364,0.750874756,,0.090226769,0.002751142,0.147600096,1.811720399
0.234947368,0.023578947,0.420631579,1.261894737,0.651368421,4.757894737,0.130947368,0.025263158,0.683789474,2.408842105
,0.066605546,7.14396E-05,0.414468906,0.928667532,0.128877088,0.004060152,0.00055961,0.024718111,0.955040661
,0.066605546,7.14396E-05,0.414468906,0.928667532,0.128877088,0.004060152,0.00055961,0.024718111,0.955040661
0.066863922,,0.001299671,0.019052623,,0.02461079,5.53051E-05,0.066863922,0,0.006028261
,0.190198366,0.011668611,1.532088681,0.920653442,0.868144691,0.288214702,0.047841307,0.562427071,9.772462077
,,,,,,,,,
,0.066605546,7.14396E-05,0.414468906,0.928667532,0.128877088,0.004060152,0.00055961,0.024718111,0.955040661
0.011135857,0.002474635,0.034521158,0.068671121,0.757485771,0.062979461,0.053452116,0.018188567,0.036624598,0.518559762
0.234947368,0.023578947,0.420631579,1.261894737,0.651368421,4.757894737,0.130947368,0.025263158,0.683789474,2.408842105
0.000967118,0.691972921,,0.865087041,0.999032882,2.474371373,,0.001934236,1.359767892,5.778046422
0.000967118,0.691972921,,0.865087041,0.999032882,3.037717602,,0.001934236,1.359767892,5.778046422
,,,,,,,,,
0.011135318,0.056967643,0.00225934,0.632534495,0.981521827,0.879206003,0.041232954,0.007665618,0.47228274,1.233518922
0.151795058,0.00419757,0.160167448,0.452916686,0.171577103,0.286845338,0.019349775,0.000659781,0.055182691,1.114324066
,,,,,,,,,
,,,,,,,,,
,0.006531532,0.008671171,0.861711712,1.151351351,0.190765766,0.055855856,0.00213964,0.216216216,1.779391892
0.011135318,0.056967643,0.00225934,0.632534495,0.981521827,0.879206003,0.041232954,0.007665618,0.47228274,1.233518922
,0.066605546,7.14396E-05,0.414468906,0.928667532,0.128877088,0.004060152,0.00055961,0.024718111,0.955040661
0.343283582,,0.009950249,0.014925373,,,,0.343283582,0,0.019900498
0.023503078,0.040197724,0.077317665,0.611173289,0.783529192,0.148666294,0.042156314,0.017160977,0.195299384,1.090188398
,0.190198366,0.011668611,1.532088681,0.920653442,0.868144691,0.288214702,0.047841307,0.562427071,9.772462077
0.261548882,0.022849402,0.145540754,0.945992323,0.558229849,0.767080605,0.026191014,0.003973809,0.627184466,3.940528336
,0.066605546,7.14396E-05,0.414468906,0.928667532,0.128877088,0.004060152,0.00055961,0.024718111,0.955040661
,0.190198366,0.011668611,1.532088681,0.920653442,0.868144691,0.288214702,0.047841307,0.562427071,9.772462077
,0.190198366,0.011668611,1.532088681,0.920653442,0.868144691,0.288214702,0.047841307,0.562427071,9.772462077
0.234947368,0.023578947,0.420631579,1.261894737,0.651368421,4.757894737,0.130947368,0.025263158,0.683789474,2.408842105
0.057346617,0.075082134,0.177542135,0.713133364,0.750874756,,0.090226769,0.002751142,0.147600096,1.811720399
0.234947368,0.023578947,0.420631579,1.261894737,0.651368421,4.757894737,0.130947368,0.025263158,0.683789474,2.408842105
0.023503078,0.040197724,0.077317665,0.611173289,0.783529192,0.148666294,0.042156314,0.017160977,0.195299384,1.090188398
0.175302245,0,0.277202073,0.740932642,0.127806563,3.786701209,0.010362694,0.002590674,0.520725389,2.662348877
0.023503078,0.040197724,0.077317665,0.611173289,0.783529192,0.148666294,0.042156314,0.017160977,0.195299384,1.090188398
,,,,,,,,,
0.234947368,0.023578947,0.420631579,1.261894737,0.651368421,4.757894737,0.130947368,0.025263158,0.683789474,2.408842105
0.057346617,0.075082134,0.177542135,0.713133364,0.750874756,,0.090226769,0.002751142,0.147600096,1.811720399
0.011135857,0.002474635,0.034521158,0.068671121,0.757485771,0.062979461,0.053452116,0.018188567,0.036624598,0.518559762
0.011135857,0.002474635,0.034521158,0.068671121,0.757485771,0.062979461,0.053452116,0.018188567,0.036624598,0.518559762
,,,1.75308642,0.987654321,4.660493827,0.086419753,,0.024691358,1.697530864
0.031985845,0.156390363,0.039608003,0.956036477,0.862801143,1.4679461,0.043419083,0.131482238,0.474207159,6.919967334
0.083651399,0.159669211,0.046119593,0.552798982,0.06456743,1.991412214,0.020356234,0.000954198,0.037531807,3.656170483
0.023503078,0.040197724,0.077317665,0.611173289,0.783529192,0.148666294,0.042156314,0.017160977,0.195299384,1.090188398
0.023503078,0.040197724,0.077317665,0.611173289,0.783529192,0.148666294,0.042156314,0.017160977,0.195299384,1.090188398
,0.066605546,7.14396E-05,0.414468906,0.928667532,0.128877088,0.004060152,0.00055961,0.024718111,0.955040661
0.398726115,0.006369427,1.129936306,0.959235669,0.154140127,7.020382166,,0.398726115,0.412738854,2.908280255
,0.066605546,7.14396E-05,0.414468906,0.928667532,0.128877088,0.004060152,0.00055961,0.024718111,0.955040661
0.234947368,0.023578947,0.420631579,1.261894737,0.651368421,4.757894737,0.130947368,0.025263158,0.683789474,2.408842105
,,,,,,,,,
,0.006531532,0.008671171,0.861711712,1.151351351,0.190765766,0.055855856,0.00213964,0.216216216,1.779391892
,0.066605546,7.14396E-05,0.414468906,0.928667532,0.128877088,0.004060152,0.00055961,0.024718111,0.955040661
0.325024155,0.010144928,0.580483092,0.689661836,0.368502415,2.042801932,0.000386473,0.000289855,0.070531401,1.560386473
0.009248555,0.000315292,0.000630583,1.050972149,0.932947977,0.779926432,0.184025223,0.000525486,0.72338413,3.101418812
,,,,,,,,,
0.023503078,0.040197724,0.077317665,0.611173289,0.783529192,0.148666294,0.042156314,0.017160977,0.195299384,1.090188398
0.261548882,0.022849402,0.145540754,0.945992323,0.558229849,0.767080605,0.026191014,0.003973809,0.627184466,3.940528336
0.325024155,0.010144928,0.580483092,0.689661836,0.368502415,2.042801932,0.000386473,0.000289855,0.070531401,1.560386473
0.009248555,0.000315292,0.000630583,1.050972149,0.932947977,0.779926432,0.184025223,0.000525486,0.72338413,3.101418812
0.261548882,0.022849402,0.145540754,0.945992323,0.558229849,0.767080605,0.026191014,0.003973809,0.627184466,3.940528336
0.175302245,0,0.277202073,0.740932642,0.127806563,3.786701209,0.010362694,0.002590674,0.520725389,2.662348877
0.031985845,0.156390363,0.039608003,0.956036477,0.862801143,1.4679461,0.043419083,0.131482238,0.474207159,6.919967334
,0.066605546,7.14396E-05,0.414468906,0.928667532,0.128877088,0.004060152,0.00055961,0.024718111,0.955040661
0.009248555,0.000315292,0.000630583,1.050972149,0.932947977,0.779926432,0.184025223,0.000525486,0.72338413,3.101418812
,0.066605546,7.14396E-05,0.414468906,0.928667532,0.128877088,0.004060152,0.00055961,0.024718111,0.955040661
0.011135318,0.056967643,0.00225934,0.632534495,0.981521827,0.879206003,0.041232954,0.007665618,0.47228274,1.233518922
0.057346617,0.075082134,0.177542135,0.713133364,0.750874756,,0.090226769,0.002751142,0.147600096,1.811720399
,0.190198366,0.011668611,1.532088681,0.920653442,0.868144691,0.288214702,0.047841307,0.562427071,9.772462077
0.057346617,0.075082134,0.177542135,0.713133364,0.750874756,,0.090226769,0.002751142,0.147600096,1.811720399
,,,,,,,,,
,0.066605546,7.14396E-05,0.414468906,0.928667532,0.128877088,0.004060152,0.00055961,0.024718111,0.955040661
,0.066605546,7.14396E-05,0.414468906,0.928667532,0.128877088,0.004060152,0.00055961,0.024718111,0.955040661
0.023503078,0.040197724,0.077317665,0.611173289,0.783529192,0.148666294,0.042156314,0.017160977,0.195299384,1.090188398
,0.006531532,0.008671171,0.861711712,1.151351351,0.190765766,0.055855856,0.00213964,0.216216216,1.779391892
,,,,,,,,,
0.175302245,0,0.277202073,0.740932642,0.127806563,3.786701209,0.010362694,0.002590674,0.520725389,2.662348877
,,,,,,,,,
0.009248555,0.000315292,0.000630583,1.050972149,0.932947977,0.779926432,0.184025223,0.000525486,0.72338413,3.101418812
,,,,,,,,,
0.00106383,,0.000531915,0.118085106,0.75212766,,0.004787234,0.004787234,0,0.118085106
0.261548882,0.022849402,0.145540754,0.945992323,0.558229849,0.767080605,0.026191014,0.003973809,0.627184466,3.940528336
0.261548882,0.022849402,0.145540754,0.945992323,0.558229849,0.767080605,0.026191014,0.003973809,0.627184466,3.940528336
