County,Basin,Well count,Gas [MMscf/day],Oil [bbl/day],GOR [scf/bbl]
Acadia,GULF COAST EAST,190,4.117271233,1599.79726,2573.62063
Adair,OTHER - KENTUCKY,52,0,11.64657534,0
Adams,ARKLA,570,80.47646027,25462.93973,3160.53296
Alameda,CA COAST,2,0.000791781,6.575342466,120.4166667
Albany,GREEN RIVER - OVERTHRUST,24,0.000347945,36.0630137,9.648256476
Alcona,MICHIGAN,203,5.475463014,0,999999
Alfalfa,ANADARKO,1229,165.5301699,10130.42192,16339.90876
Allegan,MICHIGAN,90,0.008112329,68.51506849,118.4021113
Allegany,APPALACHIAN,776,0.467027397,61.44383562,7600.882864
Allegheny,APPALACHIAN,876,477.698,160.3013699,2979999.487
Allen,CHEROKEE PLATFORM,2202,2.701271233,1172.446575,2303.961042
Alpena,MICHIGAN,159,4.60819726,0,999999
Amite,GULF COAST EAST,68,1.194156164,2214.830137,539.163769
Anderson,EAST TEXAS,2665,11.74893425,1691.443836,6946.097765
Andrews,MIDLAND,10092,200.4605507,111883.6164,1791.688158
Angelina,EAST TEXAS,128,242.971126,8.512328767,28543437.72
Antrim,MICHIGAN,446,12.54690411,0,999999
Apache,BLACK MESA,12,0.214953425,11.60821918,18517.34718
Aransas,GULF COAST WEST,32,5.984791781,198.9835616,30076.81505
Arapahoe,DENVER-JULESBURG,126,17.02563562,6625.567123,2569.687289
Archer,FORT WORTH,2059,0.68819726,2293.235616,300.0988016
Archuleta,SAN JUAN,123,52.28029589,4.893150685,10684382.98
Arenac,MICHIGAN,83,1.10660274,295.6438356,3743.026596
Armstrong,APPALACHIAN,6963,217.8281452,20.35342466,10702284.7
Ascension,GULF COAST EAST,6,0.026446575,10.07123288,2625.952122
Ashland,APPALACHIAN,471,0.666254795,59.23561644,11247.53712
Ashley,ARKLA,2,0,18.02739726,0
Ashtabula,APPALACHIAN,1375,2.906265753,282.660274,10281.83307
Assumption,GULF COAST EAST,22,2.929589041,747.4821918,3919.276035
Atascosa,GULF COAST WEST,2140,73.56095342,67176.2274,1095.044427
Athens,APPALACHIAN,660,0.760671233,27.38356164,27778.38919
Atoka,ARKOMA,144,33.98486849,10.47123288,3245546.049
Auglaize,CINCINNATI ARCH,6,0.000441096,0.008219178,53666.66667
Austin,GULF COAST CENTRAL,176,20.11360548,608.6931507,33043.91623
Avoyelles,GULF COAST EAST,34,0.088665753,329.8849315,268.7778221
Baca,ANADARKO,82,0.773410959,43.07123288,17956.55493
Baldwin,GULF COAST EAST,6,0.005536986,49.89589041,110.9707885
Bandera,KERR,1,0,2.438356164,0
Banner,DENVER-JULESBURG,88,0.00870137,234.3013699,37.13751169
Barber,ANADARKO,2211,28.37806027,1448.19726,19595.43845
Barbour,APPALACHIAN,1754,45.99759452,10.56438356,4354025.415
Barren,OTHER - KENTUCKY,30,0,5.643835616,0
Barry,MICHIGAN,1,0,3.783561644,0
Barton,SALINA,1666,0.446975342,3767.309589,118.6457688
Bastrop,GULF COAST CENTRAL,186,0.165446575,179.8712329,919.8056448
Bay,MICHIGAN,308,0.455334247,624.0986301,729.5869989
Baylor,FORT WORTH,106,0,158.7068493,0
Beauregard,GULF COAST EAST,153,5.796660274,2084.816438,2780.417579
Beaver,ANADARKO,2122,316.7152548,3498.408219,90531.24591
Beckham,ANADARKO,815,87.44090411,1952.40274,44786.30476
Bee,GULF COAST WEST,362,25.59475616,803.2630137,31863.48148
Bell,APPALACHIAN,365,2.649783562,105.7671233,25052.99832
Belmont,APPALACHIAN,663,2444.475649,1418.082192,1723789.822
Bent,ANADARKO,16,0.452317808,0,999999
Benzie,MICHIGAN,12,0.29220274,0,999999
Bexar,KERR,1409,0.019567123,171.6,114.027525
Bibb,BLACK WARRIOR,53,1.142706849,0,999999
Bienville,ARKLA,959,290.0820493,133.6164384,2171005.7
Big Horn,POWDER RIVER,463,3.129079452,3234.950685,967.2726903
Billings,WILLISTON,470,13.59866849,9464.589041,1436.794396
Blaine,ANADARKO,1984,856.3587808,51078.92877,16765.40212
Blair,APPALACHIAN,6,1.295246575,0,999999
Boone,APPALACHIAN,1103,13.82669863,13.24383562,1044010.137
Borden,MIDLAND,650,19.55386849,19030.19178,1027.518205
Bossier,ARKLA,1549,700.4264603,1580.284932,443227.9561
Bottineau,WILLISTON,450,0.491657534,3396.90411,144.7369482
Boulder,DENVER-JULESBURG,304,8.878657534,902.9753425,9832.668863
Bourbon,CHEROKEE PLATFORM,554,0,105.5835616,0
Bowie,EAST TEXAS,9,0.018493151,74.08493151,249.620946
Bowman,WILLISTON,533,17.14242192,12138.08219,1412.284218
Boyd,APPALACHIAN,39,0.391679452,0,999999
Bradford,APPALACHIAN,1372,2414.778896,0,999999
Braxton,APPALACHIAN,1105,3.540339726,7.2,491713.8508
Brazoria,GULF COAST CENTRAL,375,22.59677808,8178.958904,2762.793938
Brazos,GULF COAST CENTRAL,802,30.57343562,26564.56164,1150.910601
Breathitt,APPALACHIAN,82,0.412167123,4.906849315,83998.32496
Breckinridge,OTHER - KENTUCKY,44,0.097821918,22.55890411,4336.28856
Brooke,APPALACHIAN,131,165.8223616,7382.882192,22460.383
Brooks,GULF COAST WEST,341,32.12795068,904.0712329,35536.96824
Brown,FORT WORTH,756,1.50030137,169.030137,8875.940093
Bryan,ARKOMA,41,3.796583562,65.89041096,57619.66736
Buchanan,APPALACHIAN,3463,129.4726438,0,999999
Burke,WILLISTON,477,25.01064932,9705.282192,2577.014127
Burleson,GULF COAST CENTRAL,1336,38.87188767,44015.1863,883.1471803
Butler,CHEROKEE PLATFORM,2042,678.6865562,2953.087671,229822.6913
Butte,SACRAMENTO,17,107.8142685,0,999999
Cabell,APPALACHIAN,364,1.800783562,19.80821918,90910.92669
Caddo,ARKLA,10260,1353.606397,8814.986301,153557.4022
Calcasieu,GULF COAST EAST,166,8.498043836,1813.868493,4685.038561
Caldwell,GULF COAST CENTRAL,2026,0.169956164,2494.975342,68.11937637
Calhoun,GULF COAST WEST,2660,7.697460274,798.5917808,9638.792258
Callahan,FORT WORTH,345,1.004893151,239.5972603,4194.092827
Cambria,APPALACHIAN,406,1.158123288,0,999999
Cameron,GULF COAST WEST,218,120.4066466,3167.824658,38009.25228
Camp,EAST TEXAS,103,0,165.9260274,0
Campbell,POWDER RIVER,3385,229.9228137,54436.22466,4223.709766
Canadian,ANADARKO,2249,966.9023918,50379.61644,19192.33333
Carbon,PARADOX,2854,314.7434795,5328.183562,59071.44073
Carroll,APPALACHIAN,1446,251.479663,6844.106849,36743.97092
Carson,ANADARKO,1030,17.47339178,301.3260274,57988.32557
Carter,ANADARKO,2624,114.5878822,17023.2,6731.277444
Casey,OTHER - KENTUCKY,2,0,0.526027397,0
Cass,EAST TEXAS,157,1.158594521,1280.076712,905.0977253
Catahoula,ARKLA,70,0.056471233,397.8520548,141.9402821
Cattaraugus,APPALACHIAN,1801,2.705780822,349.4246575,7743.531441
Cayuga,APPALACHIAN,285,1.361282192,0,999999
Centre,APPALACHIAN,659,10.08349589,0,999999
Chambers,GULF COAST CENTRAL,203,10.38392877,5237.284932,1982.693113
Chase,CHEROKEE PLATFORM,114,0.053419178,108.9150685,490.4663682
Chautauqua,CHEROKEE PLATFORM,4330,9.353484932,433.8630137,21558.61329
Chaves,NORTHWEST SHELF,1531,26.06228493,3684.556164,7073.38517
Chemung,APPALACHIAN,17,2.252578082,0,999999
Chenango,APPALACHIAN,47,2.037591781,0,999999
Cherokee,EAST TEXAS,538,57.05603288,1085.868493,52544.14622
Cheyenne,DENVER-JULESBURG,1100,14.8098137,3121.761644,4744.056526
Chickasaw,BLACK WARRIOR,20,0.390219178,9.849315068,39618.91516
Childress,PALO DURO,3,0,4.021917808,0
Choctaw,GULF COAST EAST,41,0.095169863,407.2547945,233.6862924
Chouteau,OTHER - MONTANA,99,1.534375342,0,999999
Christian,OTHER - KENTUCKY,58,0.463038356,1.928767123,240069.6023
Cimarron,ANADARKO,78,0.552468493,317.1287671,1742.095169
Claiborne,ARKLA,704,24.57503288,2293.616438,10714.53468
Clare,MICHIGAN,129,0.784890411,586.8794521,1337.396306
Clarion,APPALACHIAN,2505,23.95251507,149.6931507,160010.7617
Clark,ANADARKO,229,2.775386301,395.5753425,7016.075077
Clarke,GULF COAST EAST,90,2.563147945,1483.375342,1727.915971
Clay,FORT WORTH,2597,10.49240822,1249.287671,8398.712691
Clearfield,APPALACHIAN,3742,37.7437589,0,999999
Cleburne,ARKOMA,1022,243.1760603,0,999999
Cleveland,ANADARKO,246,2.353005479,991.9561644,2372.086151
Clinton,OTHER - KENTUCKY,487,54.23813699,12.89863014,4204953.271
Coal,ARKOMA,705,225.7918137,342.7232877,658816.6659
Cochran,NORTHWEST SHELF,1763,6.431350685,7854.336986,818.8279541
Coffee,OTHER - TENNESSEE,3,0,0,999999
Coffey,CHEROKEE PLATFORM,1484,0,567.0657534,0
Coke,EASTERN SHELF,282,4.396706849,687.2465753,6397.568219
Coleman,FORT WORTH,563,1.228649315,400.8657534,3064.989475
Colfax,RATON,807,43.02490685,0,999999
Collier,OTHER - FLORIDA,5,0.197956164,474.1835616,417.46737
Collingsworth,HOLLIS-HARDEMAN,312,2.129438356,11.92054795,178635.9458
Colorado,GULF COAST CENTRAL,188,36.50939726,1399.394521,26089.42419
Columbia,OTHER - OREGON,399,12.1998274,3021.490411,4037.685294
Columbiana,APPALACHIAN,715,116.836063,198.9013699,587407.0304
Colusa,SACRAMENTO,155,31.27236438,0,999999
Comanche,FORT WORTH,997,8.931435616,681.9424658,13097.05153
Concho,EASTERN SHELF,185,0.59459726,495.8,1199.268375
Concordia,ARKLA,99,0.367372603,695.8410959,527.9547369
Conecuh,GULF COAST EAST,105,16.97619178,5438.827397,3121.296291
Contra Costa,CA COAST,21,5.240520548,197.3726027,26551.40823
Converse,POWDER RIVER,1711,267.6019479,91645.4,2919.971411
Conway,ARKOMA,1090,258.7932466,0,999999
Cooke,FORT WORTH,1999,27.40233973,2655.60274,10318.68936
Coshocton,APPALACHIAN,1880,2.701641096,327.9342466,8238.362184
Cottle,PALO DURO,96,5.542561644,260.8630137,21247.0199
Cotton,ANADARKO,255,0.050720548,157.6027397,321.8252934
Covington,GULF COAST EAST,49,7.307660274,1155.942466,6321.820065
Cowley,CHEROKEE PLATFORM,636,0.007380822,1343.169863,5.495077072
Craig,CHEROKEE PLATFORM,18,0.065506849,1.802739726,36337.38602
Crane,CENTRAL BASIN PLATFORM,4618,110.1881644,21547.12603,5113.821873
Crawford,CHEROKEE PLATFORM,3563,17.84466575,625.5150685,28527.95504
Creek,CHEROKEE PLATFORM,2596,1.554652055,4590.849315,338.6414905
Crockett,MIDLAND,7833,268.9888164,15720.58904,17110.60672
Crook,POWDER RIVER,374,0.045652055,2088.131507,21.86263396
Crosby,EASTERN SHELF,630,0.0552,2017.49863,27.36061337
Culberson,DELAWARE,943,1199.643471,119943.6192,10001.72814
Cumberland,OTHER - KENTUCKY,82,0,17.02739726,0
Custer,ANADARKO,1105,307.6510274,4623.616438,66539.04611
Cuyahoga,APPALACHIAN,385,4.479306849,150.0246575,29857.13764
Daggett,GREEN RIVER - OVERTHRUST,16,2.370060274,2.731506849,867675.0251
Dallas,FORT WORTH,25,16.09202192,0,999999
Daniels,WILLISTON,2,0,37.29315068,0
Daviess,OTHER - KENTUCKY,64,0,22.08767123,0
Dawson,WILLISTON,1240,4.85449863,10142.5726,478.625968
De Soto,ARKLA,2970,3593.241567,501.3205479,7167552.94
De Witt,GULF COAST WEST,2505,767.3818493,174479.8274,4398.112153
Decatur,SALINA,156,0,458.8684932,0
Delaware,APPALACHIAN,7,0,4.852054795,0
Delta,PICEANCE,6,1.154687671,0,999999
Denton,FORT WORTH,2533,376.6567616,495.2712329,760506.0352
Deuel,DENVER-JULESBURG,29,0.114591781,0,999999
Dewey,ANADARKO,1079,227.8363205,9361.068493,24338.70885
Dickens,EASTERN SHELF,189,0.056693151,1065.106849,53.22766511
Dickenson,APPALACHIAN,2329,69.17138904,0,999999
Dickinson,ANADARKO,19,0,17.56438356,0
Dimmit,GULF COAST WEST,3989,690.4035726,140718.1589,4906.286282
Divide,WILLISTON,750,25.32496438,14740.66027,1718.0346
Doddridge,APPALACHIAN,3702,1039.965205,2192.347945,474361.384
Dolores,PARADOX,16,83.23989315,0,999999
Donley,PALO DURO,4,0.026421918,0.389041096,67915.49296
Douglas,CHEROKEE PLATFORM,325,0,75.86849315,0
Duchesne,UINTA,2806,110.8832603,46502.58356,2384.453761
Dundy,DENVER-JULESBURG,148,0,505.3369863,0
Dunn,WILLISTON,2691,331.6732849,248341.611,1335.552603
Duval,GULF COAST WEST,897,14.41416986,2220.443836,6491.571474
East Baton Rouge,GULF COAST EAST,19,3.726331507,443.539726,8401.347812
East Feliciana,GULF COAST EAST,5,0.021627397,268.1643836,80.64977523
Eastland,FORT WORTH,934,4.029087671,371.9753425,10831.5988
Eaton,MICHIGAN,1,0,4.101369863,0
Ector,CENTRAL BASIN PLATFORM,7544,110.8571452,47670.30137,2325.49705
Eddy,DELAWARE,12187,1921.080564,399991.1644,4802.8075
Edmonson,OTHER - KENTUCKY,41,0.133449315,1.334246575,100018.4805
Edwards,VAL VERDE,673,6.805147945,305.0438356,22308.75419
Elbert,DENVER-JULESBURG,22,0.012805479,17.9260274,714.351215
Elk,CHEROKEE PLATFORM,1549,230.863526,199.2547945,1158634.735
Elliott,APPALACHIAN,28,0,7.882191781,0
Ellis,ANADARKO,3946,115.1934137,21741.61918,5298.29047
Ellsworth,SALINA,306,0.107287671,568.6575342,188.6683369
Emery,PARADOX,204,13.82989041,0,999999
Erath,FORT WORTH,156,5.338419178,5.235616438,1019635.269
Erie,APPALACHIAN,1630,4.865715068,17.11232877,284339.7374
Escambia,GULF COAST EAST,67,30.10411781,2880.720548,10450.20414
Estill,APPALACHIAN,109,0,32.00821918,0
Eureka,OTHER - NEVADA,4,0,46.48219178,0
Evangeline,GULF COAST EAST,118,6.543975342,1383.89863,4728.652229
Fairfield,APPALACHIAN,83,0.364136986,114.7041096,3174.576636
Fall River,POWDER RIVER,7,0,50.00273973,0
Fallon,WILLISTON,1347,16.50649589,8659.172603,1906.244008
Falls,GULF COAST CENTRAL,5,0,1.567123288,0
Faulkner,ARKOMA,424,103.0926027,0,999999
Fayette,GULF COAST CENTRAL,4000,294.5999507,9324.112329,31595.49567
Fentress,APPALACHIAN,249,0.113731507,79.26027397,1434.911856
Fergus,BIG SNOWY TROUGH,3,0.022663014,0,999999
Finney,ANADARKO,1539,27.49115616,4040.147945,6804.492444
Fisher,EASTERN SHELF,533,5.033126027,4377.786301,1149.6966
Floyd,APPALACHIAN,1269,8.145142466,11.27671233,722297.619
Foard,FORT WORTH,182,0.127728767,157.3369863,811.8165355
Ford,ANADARKO,147,2.759484932,1037.10411,2660.759808
Forest,APPALACHIAN,3049,5.301693151,901.3150685,5882.175208
Forrest,GULF COAST EAST,57,1.658646575,24.75068493,67014.1687
Fort Bend,GULF COAST CENTRAL,345,15.98624384,2128.446575,7510.756446
Franklin,EAST TEXAS,2790,34.54412055,2491.715068,13863.59178
Freestone,GULF COAST CENTRAL,2742,213.7989288,173.2465753,1234073.045
Fremont,OTHER - COLORADO,1041,213.8616795,5586.353425,38282.87672
Fresno,SAN JOAQUIN,1733,2.538945205,14894.25753,170.4647042
Frio,GULF COAST WEST,776,34.20060274,21447.81096,1594.596428
Frontier,OTHER - NEBRASKA,10,0,49.39452055,0
Furnas,OTHER - NEBRASKA,24,0,31.43013699,0
Gaines,CENTRAL BASIN PLATFORM,4096,53.89898356,67077.61644,803.5315866
Gallia,APPALACHIAN,387,0.291405479,39.63561644,7352.111702
Galveston,GULF COAST CENTRAL,181,1.904775342,609.4054795,3125.628841
Garden,DENVER-JULESBURG,1,0,4.276712329,0
Garfield,OTHER - UTAH,14249,1339.98537,8902.331507,150520.7224
Garrett,APPALACHIAN,4,0.050526027,0,999999
Garvin,ANADARKO,1954,409.8857507,31105.23288,13177.38891
Garza,MIDLAND,2155,0.645580822,5434.328767,118.7967916
Geauga,APPALACHIAN,785,3.259821918,162.9534247,20004.62356
Genesee,MICHIGAN,494,1.252093151,27.19452055,46042.11163
Gilmer,APPALACHIAN,2743,15.40435342,242.490411,63525.61886
Glacier,MONTANA THRUST BELT,684,2.088972603,660.3780822,3163.297903
Gladwin,MICHIGAN,173,1.900227397,688.6684932,2759.277383
Glasscock,MIDLAND,4470,553.105726,139017.937,3978.664466
Glenn,SACRAMENTO,179,5.819386301,0,999999
Golden Valley,WILLISTON,74,1.13950137,1288.991781,884.0253187
Goliad,GULF COAST WEST,260,12.84096712,529.7315068,24240.51988
Gonzales,GULF COAST WEST,1696,121.4299123,90710.35068,1338.655527
Goshen,DENVER-JULESBURG,5,0.018465753,85.05479452,217.1042036
Gove,ANADARKO,372,0,1420.156164,0
Grady,ANADARKO,2426,973.0328164,84531.14795,11510.93816
Graham,SALINA,794,0,2077.284932,0
Grand,PARADOX,231,5.967893151,462.2136986,12911.54539
Grand Total,#N/A,,,,
Grand Traverse,MICHIGAN,23,0.164216438,162.8547945,1008.361091
Grant,ANADARKO,2445,73.95630137,2651.128767,27896.15589
Gray,ANADARKO,2843,17.4447589,2665.161644,6545.47875
Grayson,FORT WORTH,692,10.93129315,2243.145205,4873.19908
Greeley,ANADARKO,101,0.618758904,193.7835616,3193.041241
Green,OTHER - KENTUCKY,6,0,0.693150685,0
Greene,GULF COAST EAST,2442,2985.528816,226.1780822,13199903.31
Greenup,APPALACHIAN,53,0.230868493,154.6356164,1492.983948
Greenwood,CHEROKEE PLATFORM,1099,0,817.9205479,0
Greer,HOLLIS-HARDEMAN,16,0.079490411,1.249315068,63627.19298
Gregg,EAST TEXAS,4184,83.2876411,3760.19726,22149.80633
Grimes,GULF COAST CENTRAL,252,25.64349315,1179.115068,21748.08366
Guadalupe,KERR,1111,0,1637.29589,0
Guernsey,APPALACHIAN,959,250.6223753,33757.6137,7424.173331
Gunnison,PICEANCE,40,10.17129041,1.594520548,6378902.062
Hale,EASTERN SHELF,132,2.401668493,2039.186301,1177.758252
Hamilton,FORT WORTH,279,6.992915068,33.99452055,205707.1244
Hancock,APPALACHIAN,54,0.020876712,8.684931507,2403.785489
Hansford,ANADARKO,666,24.09882466,649.1287671,37124.87549
Hardeman,HOLLIS-HARDEMAN,194,0.424989041,1639.484932,259.2210718
Hardin,GULF COAST CENTRAL,957,11.09873699,2815.882192,3941.477743
Harding,OTHER - NEW MEXICO,521,113.4794658,2733.758904,41510.41468
Harlan,SALINA,400,3.617383562,223.5068493,16184.66536
Harmon,HOLLIS-HARDEMAN,2,0,5.843835616,0
Harper,ANADARKO,1680,49.50108219,1188.391781,41653.84092
Harris,GULF COAST CENTRAL,316,18.58940274,1968.120548,9445.256165
Harrison,EAST TEXAS,6269,2005.889085,24599.89041,81540.56995
Hart,OTHER - KENTUCKY,27,0,0.967123288,0
Hartley,PALO DURO,88,1.996178082,521.2849315,3829.341616
Harvey,ANADARKO,117,0.296221918,207.6986301,1426.210262
Haskell,ANADARKO,2962,74.05336986,8143.463014,9093.596881
Hayes,OTHER - NEBRASKA,9,0,52.85479452,0
Hemphill,ANADARKO,2161,230.5166438,5562.339726,41442.38849
Hempstead,ARKLA,3,0,6.095890411,0
Henderson,EAST TEXAS,679,25.46123014,1314.167123,19374.4233
Hendry,OTHER - FLORIDA,5,0.064238356,405.2219178,158.5263613
Hidalgo,GULF COAST WEST,1254,125.7354,1623.526027,77445.87883
Hill,OTHER - MONTANA,700,30.38256438,1.928767123,15752323.86
Hillsdale,MICHIGAN,1,0,15.10684932,0
Hinds,GULF COAST EAST,23,0.311819178,437.8739726,712.1208329
Hitchcock,OTHER - NEBRASKA,424,0,1475.917808,0
Hocking,APPALACHIAN,338,0.04629589,98.20547945,471.4186079
Hockley,NORTHWEST SHELF,3573,22.6475726,29737.3726,761.5862001
Hodgeman,ANADARKO,228,1.569789041,998.3452055,1572.391025
Holmes,APPALACHIAN,1412,2.695167123,267.6191781,10070.90427
Hood,FORT WORTH,599,79.99169041,160.0767123,499708.4788
Hopkins,EAST TEXAS,181,0.392953425,402.3068493,976.750521
Hot Springs,BIG HORN,561,0.657027397,4968.775342,132.2312546
Houston,GULF COAST CENTRAL,320,6.714375342,1268.367123,5293.716006
Howard,MIDLAND,5544,474.490463,266387.3014,1781.205262
Huerfano,RATON,24,11.85120822,0,999999
Hughes,ARKOMA,1475,339.6794521,879.3506849,386284.4004
Humboldt,CA COAST,26,0.768868493,0,999999
Hunt,EAST TEXAS,1,0,0.84109589,0
Huntingdon,APPALACHIAN,3,0.376128767,0,999999
Huron,MICHIGAN,47,0.114408219,90.26849315,1267.421391
Hutchinson,ANADARKO,2158,12.56179452,1195.80274,10504.90529
Iberia,GULF COAST EAST,50,3.060556164,1547.671233,1977.523455
Iberville,GULF COAST EAST,52,1.36590137,868.2493151,1573.16723
Independence,ARKOMA,60,5.931671233,0,999999
Indiana,APPALACHIAN,10337,63.83484932,2.849315068,22403576.92
Ingham,MICHIGAN,9,0,25.56164384,0
Irion,MIDLAND,2428,332.2356767,26936.12603,12334.20412
Isabella,MICHIGAN,100,0,386.5150685,0
Jack,FORT WORTH,2111,38.86037534,2376.712329,16350.47493
Jackson,GULF COAST WEST,2164,62.12577534,7222.123288,8602.14827
Jasper,GULF COAST CENTRAL,470,31.44292329,9058.991781,3470.907585
Jefferson,GULF COAST CENTRAL,5824,1520.30814,3498.832877,434518.6504
Jefferson Davis,GULF COAST EAST,523,23.98218904,1369.972603,17505.59755
Jim Hogg,GULF COAST WEST,200,15.39328767,220.5917808,69781.7825
Jim Wells,GULF COAST WEST,176,4.208786301,162.5150685,25897.82191
Johnson,CHEROKEE PLATFORM,6963,580.4514932,3370.613699,172209.4387
Johnston,ANADARKO,61,18.13610685,1478.323288,12268.02486
Jones,EASTERN SHELF,792,7.981868493,7126.320548,1120.054654
Kalamazoo,MICHIGAN,15,0,577.5808219,0
Kalkaska,MICHIGAN,52,2.528216438,36.47671233,69310.42512
Kanawha,APPALACHIAN,3191,30.75190685,125.1068493,245805.1419
Karnes,GULF COAST WEST,4539,921.4713836,304798.8959,3023.211029
Kaufman,EAST TEXAS,22,0.056136986,127.8219178,439.1812239
Kay,CHEROKEE PLATFORM,872,5.698821918,1743.70137,3268.232747
Kearney,SALINA,1,0,6.21369863,0
Kearny,ANADARKO,1714,48.24907397,1139.772603,42332.19316
Kenai Peninsula,GULF OF ALASKA BASIN,157,130.0875068,2100.476712,61932.37282
Kenedy,GULF COAST WEST,146,69.30577808,687.7369863,100773.6671
Kent,MICHIGAN,655,16.07929315,8363.024658,1922.664802
Kern,SAN JOAQUIN,35550,318.3059616,264279.2877,1204.430224
Kimball,DENVER-JULESBURG,144,0.032873973,590.7561644,55.64727816
Kimble,EASTERN SHELF,1,0,0.753424658,0
King,EASTERN SHELF,385,0.492087671,4286.912329,114.7883683
Kingfisher,ANADARKO,2485,575.1147863,90119.27397,6381.706831
Kingman,ANADARKO,4177,40.9840411,17904.88767,2288.986217
Kings,SAN JOAQUIN,123,0.862742466,301.2136986,2864.220551
Kiowa,ANADARKO,515,8.220638356,1006.668493,8166.182226
Kit Carson,ANADARKO,7,0.020145205,8.665753425,2324.691748
Kleberg,GULF COAST WEST,101,14.41645205,435.8657534,33075.4411
Knott,APPALACHIAN,1389,13.77890959,15.11506849,911600.87
Knox,FORT WORTH,1662,5.046531507,834.0630137,6050.539856
La Plata,SAN JUAN,3036,682.0153342,41.05479452,16612318.79
La Salle,GULF COAST WEST,5889,784.6124274,150853.7452,5201.14649
Labette,CHEROKEE PLATFORM,486,5.022243836,11.85479452,423646.6374
Lafayette,GULF COAST EAST,130,4.417709589,1219.287671,3623.188927
LaFourche,GULF COAST EAST,174,32.56780822,5308.947945,6134.512629
Lake,APPALACHIAN,194,0.665210959,11.1260274,59788.72199
Lamar,BLACK WARRIOR,463,11.56717534,645.7287671,17913.36538
Lamb,NORTHWEST SHELF,88,1.199361644,771.8465753,1553.886073
Lane,ANADARKO,344,0,1531.090411,0
Lapeer,MICHIGAN,1,0,53.83835616,0
Laramie,DENVER-JULESBURG,497,28.19289315,28043.49315,1005.327439
Larimer,DENVER-JULESBURG,229,25.7803863,4865.216438,5298.918687
Las Animas,RATON,2613,130.7681205,0,999999
Latimer,ARKOMA,1399,113.3948932,0,999999
Laurel,APPALACHIAN,8,0.001147945,0,999999
Lavaca,GULF COAST WEST,725,103.1925315,22780.57534,4529.847467
Lawrence,GULF COAST EAST,804,50.13535342,827.1835616,60609.70714
Le Flore,ARKOMA,1174,45.98036438,0,999999
Lea,NORTHWEST SHELF,13709,1624.886101,554909.2658,2928.201423
Leavenworth,CHEROKEE PLATFORM,149,0,88.42191781,0
Lee,GULF COAST CENTRAL,1576,12.60807123,7541.569863,1671.80991
Leflore,GULF COAST EAST,1,0,64.81917808,0
Lenawee,MICHIGAN,27,0,182.1671233,0
Leon,GULF COAST CENTRAL,754,102.2051397,1338.413699,76362.89126
Leslie,APPALACHIAN,482,2.748876712,287.1589041,9572.667513
Letcher,APPALACHIAN,1458,13.35876438,191.2246575,69859.0054
Lewis,APPALACHIAN,2902,21.22611233,54.99178082,385986.9968
Liberty,GULF COAST CENTRAL,1018,16.35926575,2269.931507,7206.942458
Licking,APPALACHIAN,973,1.722917808,359.9780822,4786.174196
Limestone,GULF COAST CENTRAL,1143,79.59375342,167.1041096,476312.3637
Lincoln,ARKLA,4680,449.2015479,7903.772603,56833.81475
Linn,CHEROKEE PLATFORM,925,0,213.3232877,0
Lipscomb,ANADARKO,1636,108.9713014,5229.175342,20839.09876
Live Oak,GULF COAST WEST,1141,223.1764164,39651.0411,5628.513408
Livingston,GULF COAST EAST,163,0.485835616,738.4027397,657.9547858
Logan,ANADARKO,3600,121.9751644,6752.926027,18062.56486
Lorain,APPALACHIAN,48,0.04770411,0.545205479,87497.48744
Los Angeles,CA COAST,1789,100.6493068,18980.8411,5302.678967
Love,ANADARKO,293,20.68908493,7140.219178,2897.541996
Loving,DELAWARE,2568,1280.575304,373825.7808,3425.593872
Lowndes,BLACK WARRIOR,27,0.412109589,38.15616438,10800.60314
Lubbock,EASTERN SHELF,444,0.149389041,2686.50137,55.60728268
Lycoming,APPALACHIAN,937,1204.028951,0,999999
Lynn,MIDLAND,80,0.188794521,519.7013699,363.2750104
Lyon,CHEROKEE PLATFORM,91,0,159.7260274,0
Macon,OTHER - TENNESSEE,1,0,0,999999
Madera,SAN JOAQUIN,14,25.39515342,0,999999
Madison,GULF COAST CENTRAL,550,165.5823479,6846.931507,24183.43864
Magoffin,APPALACHIAN,459,1.191282192,88.0630137,13527.61099
Mahoning,APPALACHIAN,2025,15.59474795,304.5342466,51208.51963
Major,ANADARKO,1920,105.2047808,12707.29863,8279.08306
Manistee,MICHIGAN,93,2.83610411,192.6739726,14719.70537
Marion,EAST TEXAS,1455,105.229474,1552.926027,67762.06472
Marshall,ARKOMA,1010,1095.456244,16692.9863,65623.74305
Martin,MIDLAND,7581,767.9953781,401586.3836,1912.40393
Mason,APPALACHIAN,203,0.949430137,15.85205479,59893.19046
Matagorda,GULF COAST CENTRAL,192,25.09604932,1172.057534,21411.96023
Matanuska-Susitna,GULF OF ALASKA BASIN,3,1.193493151,0,999999
Maverick,GULF COAST WEST,610,11.42636164,2753.09589,4150.368203
Mayes,OZARK UPLIFT,74,0.179112329,21.39726027,8370.806658
McClain,ANADARKO,962,89.1532137,23507.55616,3792.534327
McCone,WILLISTON,5,0,3.208219178,0
McCreary,APPALACHIAN,24,0.028063014,1.898630137,14780.66378
McCulloch,LLANO UPLIFT,70,0,99.43287671,0
McDowell,APPALACHIAN,1870,29.54736712,42.12054795,701495.3168
McHenry,WILLISTON,12,0,126.890411,0
McIntosh,ARKOMA,380,36.35245479,7.654794521,4748978.525
McKean,APPALACHIAN,7518,55.51871507,1384.909589,40088.33176
McKenzie,WILLISTON,5232,1391.075589,490323.263,2837.058108
McKinley,SAN JUAN,15,0.291315068,18.07945205,16113.04743
McLean,WILLISTON,129,1.745309589,2356.326027,740.6910456
McMullen,GULF COAST WEST,2941,302.4524685,73284.93425,4127.075662
McPherson,ANADARKO,481,0.101531507,725.5013699,139.9466783
Meade,ANADARKO,435,6.72850137,466.5287671,14422.47905
Mecosta,MICHIGAN,13,0,202.1561644,0
Medina,KERR,2263,1.370484932,292.1452055,4691.108756
Meigs,APPALACHIAN,441,1.000972603,50.32054795,19891.92574
Menard,EASTERN SHELF,113,0.082021918,232.0027397,353.5385742
Mercer,APPALACHIAN,2976,35.59587671,211.6191781,168207.2345
Mesa,PICEANCE,1731,129.2199562,295.8849315,436723.6801
Metcalfe,OTHER - KENTUCKY,30,0,5.446575342,0
Miami,CHEROKEE PLATFORM,2060,0,472.7863014,0
Midland,MIDLAND,8049,1410.711279,533304.7726,2645.225304
Milam,GULF COAST CENTRAL,1360,4.578619178,5565.326027,822.7045739
Miller,ARKLA,68,0.181942466,492.2739726,369.5959484
Mineral,APPALACHIAN,3,0.000328767,0,999999
Mingo,APPALACHIAN,1409,27.08467123,4.389041096,6170976.904
Missaukee,MICHIGAN,47,0.02430411,149.4739726,162.5976026
Mitchell,EASTERN SHELF,2404,1.823263014,5697.213699,320.0271414
Mobile,GULF COAST EAST,70,7.532583562,1464.241096,5144.360162
Moffat,GREEN RIVER - OVERTHRUST,461,23.37164384,553.8575342,42197.93429
Monongalia,APPALACHIAN,352,338.875937,3.501369863,96783816.12
Monroe,GULF COAST EAST,2175,1315.915074,4173.641096,315291.8624
Montague,FORT WORTH,2942,139.3429781,3185.772603,43739.1476
Montcalm,MICHIGAN,19,0,89.31232877,0
Monterey,CA COAST,772,2.436238356,19207.27397,126.8393609
Montezuma,PARADOX,95,825.5539534,189.2410959,4362445.427
Montgomery,GULF COAST CENTRAL,1815,20.29333973,2357.69589,8607.276201
Montmorency,MICHIGAN,1429,32.66817808,0,999999
Moore,ANADARKO,1953,61.71511233,497.1479452,124138.3233
Morehouse,ARKLA,616,0.70769863,0,999999
Morgan,DENVER-JULESBURG,1368,4.472016438,413.6246575,10811.77429
Morrill,DENVER-JULESBURG,30,0,79.62739726,0
Morris,CHEROKEE PLATFORM,73,0.043271233,162.630137,266.0714286
Morrow,APPALACHIAN,154,0.040750685,225.5616438,180.6631847
Morton,ANADARKO,1140,27.57165479,758.9534247,36328.52017
Motley,EASTERN SHELF,16,0.01289863,79.63561644,161.9706196
Mountrial,WILLISTON,3193,391.0721014,238287.5507,1641.177226
Muhlenberg,OTHER - KENTUCKY,97,0.004772603,103.6356164,46.05176197
Murray,ANADARKO,43,0.096986301,467.8876712,207.2854391
Muskingum,APPALACHIAN,1570,5.375252055,191.9753425,27999.7003
Muskogee,CHEROKEE PLATFORM,227,0.148473973,79.64383562,1864.224286
Musselshell,BIG SNOWY TROUGH,49,0.00530137,208.2,25.46287158
Nacogdoches,EAST TEXAS,1173,309.8641425,148.3424658,2088843.143
Natchitoches,ARKLA,106,122.077526,18.70958904,6524864.109
Natrona,WIND RIVER,1624,21.95218904,10981.90411,1998.941971
Navarro,GULF COAST CENTRAL,519,1.166030137,324.8328767,3589.630917
Nemaha,CHEROKEE PLATFORM,20,0,99.62191781,0
Neosho,CHEROKEE PLATFORM,1512,12.91822466,54.4,237467.365
Ness,ANADARKO,979,0.062287671,3316.126027,18.78326418
Nevada,ARKLA,45,0.083169863,362.7479452,229.2772822
Newaygo,MICHIGAN,12,0,49.48219178,0
Newton,GULF COAST CENTRAL,146,7.450589041,1768.024658,4214.075301
Nicholas,APPALACHIAN,284,1.638238356,0.221917808,7382185.185
Niobrara,POWDER RIVER,212,2.891569863,2004.394521,1442.615131
Noble,CHEROKEE PLATFORM,1904,210.4439863,3432.79726,61303.9368
Nolan,EASTERN SHELF,555,4.581717808,2740.819178,1671.660008
North Slope,NORTH SLOPE BASIN,1639,7446.981488,373865.6247,19918.87191
Norton,SALINA,145,0,396.5616438,0
Nowata,CHEROKEE PLATFORM,709,2.467591781,195.3863014,12629.29777
Nueces,GULF COAST WEST,515,16.91012877,552.0027397,30634.1392
Nye,OTHER - NEVADA,50,0.003153425,532.6356164,5.920416435
Oakland,MICHIGAN,8,0.168213699,133.8328767,1256.893693
Oceana,MICHIGAN,1,0,5.063013699,0
Ochiltree,ANADARKO,1494,74.98758904,9471.569863,7917.123574
Ogemaw,MICHIGAN,333,1.019690411,321.2191781,3174.438142
Ohio,OTHER - KENTUCKY,263,307.4778521,11527.3863,26673.68335
Okfuskee,CHEROKEE PLATFORM,510,15.39149315,648.5726027,23731.33414
Oklahoma,CHEROKEE PLATFORM,512,22.94731507,7287.312329,3148.940794
Okmulgee,CHEROKEE PLATFORM,994,1.368673973,568.6931507,2406.700293
Oktibbeha,BLACK WARRIOR,10,0.498438356,0,999999
Oldham,PALO DURO,52,1.676241096,847.2821918,1978.374044
Oneida,APPALACHIAN,1,2.74E-06,0,999999
Onondaga,APPALACHIAN,1,0,0,999999
Ontario,APPALACHIAN,20,0.081290411,0,999999
Orange,GULF COAST CENTRAL,728,9.152665753,5829.284932,1570.118095
Osage,CHEROKEE PLATFORM,1872,1.820775342,4524.805479,402.3985894
Osborne,SALINA,118,0,289.8054795,0
Osceola,MICHIGAN,44,1.238246575,167.7945205,7379.541187
Oscoda,MICHIGAN,248,6.992769863,6.282191781,1113109.9
Otsego,MICHIGAN,1830,32.10083562,535.4986301,59945.69138
Ottawa,MICHIGAN,77,0,23.02465753,0
Ouachita,ARKLA,1158,4.881123288,845.3561644,5774.043525
Overton,OTHER - TENNESSEE,224,0.014591781,281.1041096,51.90881358
Owsley,APPALACHIAN,12,0.049175342,0,999999
Palo Pinto,FORT WORTH,1133,17.30618082,278.9150685,62048.21029
Panola,EAST TEXAS,4708,1319.493449,4407.709589,299360.3418
Park,BIG HORN,1292,16.75757808,12730.25205,1316.358703
Parker,FORT WORTH,1269,148.1568603,153.290411,966510.9471
Pawnee,SALINA,650,1.733087671,1608.030137,1077.770641
Payne,CHEROKEE PLATFORM,663,17.07926849,2502.928767,6823.71337
Pearl River,GULF COAST EAST,10,0.46369589,16.56712329,27988.92013
Pecos,CENTRAL BASIN PLATFORM,4165,350.9933096,111602.137,3145.041117
Pendleton,APPALACHIAN,2,0,0,999999
Perry,GULF COAST EAST,1600,8.933463014,827.0438356,10801.68019
Petroleum,BIG SNOWY TROUGH,28,0,34.10958904,0
Phelps,SALINA,5,0,86.06575342,0
Phillips,SALINA,1938,21.37707397,572.6794521,37328.16656
Pickaway,APPALACHIAN,29,0.000273973,84.11780822,3.257010716
Pickens,BLACK WARRIOR,85,3.21970411,223.6767123,14394.45384
Pickett,APPALACHIAN,148,0.000334247,71.89863014,4.648858743
Pike,APPALACHIAN,4129,32.61233151,980.0356164,33276.67991
Pittsburg,ARKOMA,2576,396.5007753,106.5260274,3722102.335
Plaquemines,GULF COAST EAST,258,25.84973425,8781.09863,2943.792723
Pleasants,APPALACHIAN,662,13.70786027,269.9945205,50770.88322
Pointe Coupee,GULF COAST EAST,68,9.237580822,648.2438356,14250.16377
Polk,GULF COAST CENTRAL,275,57.41062192,2360.109589,24325.40514
Pondera,MONTANA THRUST BELT,206,0.067652055,207.6383562,325.816752
Pontotoc,ARKOMA,1087,2.1,4929.863014,425.9753251
Pope,ARKOMA,147,8.381460274,0,999999
Portage,APPALACHIAN,1912,7.903838356,629.6493151,12552.76257
Posey,OTHER - KENTUCKY,1,0,0,999999
Pottawatomie,CHEROKEE PLATFORM,871,2.211978082,2392.931507,924.3800234
Potter,PALO DURO,1449,145.3161699,1630.887671,89102.5007
Powder River,POWDER RIVER,108,152.5355288,6276.780822,24301.55411
Powell,APPALACHIAN,30,0,4.775342466,0
Prairie,WILLISTON,4,0.009169863,57.77808219,158.7083314
Pratt,ANADARKO,501,1.108260274,947.7616438,1169.344931
Presque Isle,MICHIGAN,12,0.118673973,142.4054795,833.3525722
Preston,APPALACHIAN,175,4.227810959,0.208219178,20304618.42
Prowers,ANADARKO,20,0.639753425,0.134246575,4765510.204
Pushmataha,ARKOMA,45,6.061991781,0,999999
Putnam,APPALACHIAN,837,8.421487671,6.369863014,1322083.011
Quay,OTHER - NEW MEXICO,1,0.181756164,0,999999
Rains,EAST TEXAS,2,0,1.353424658,0
Raleigh,APPALACHIAN,628,7.304545205,0.153424658,47609982.14
Randolph,APPALACHIAN,548,2.001945205,0,999999
Rankin,GULF COAST EAST,32,297.9884767,13.42191781,22201631.76
Rapides,GULF COAST EAST,31,0.36030137,129.6246575,2779.574324
Rawlins,SALINA,196,0,697.5917808,0
Reagan,MIDLAND,5141,758.0073671,126135.2384,6009.481387
Real,VAL VERDE,2,0,2.334246575,0
Red River,ARKLA,666,1058.445175,211.3123288,5008913.496
Red Willow,OTHER - NEBRASKA,198,0,371.4958904,0
Reeves,DELAWARE,4556,3268.266838,546153.0767,5984.15898
Refugio,GULF COAST WEST,651,19.68193973,5001.783562,3934.984288
Reno,ANADARKO,418,1.624578082,1126.043836,1442.730763
Renville,WILLISTON,186,0.041808219,1238.112329,33.7677109
Rice,SALINA,747,0.224383562,1255.687671,178.6937682
Richardson,CHEROKEE PLATFORM,81,0,199.9808219,0
Richland,ARKLA,1200,42.71430959,30024.40548,1422.652969
Riley,CHEROKEE PLATFORM,28,0,31.79452055,0
Rio Arriba,SAN JUAN,11311,584.8516548,2832.961644,206445.3135
Rio Blanco,PICEANCE,3498,141.7115753,8580.556164,16515.43008
Ritchie,APPALACHIAN,4424,658.6121534,3496.641096,188355.6634
Roane,APPALACHIAN,1661,6.037334247,211.4767123,28548.45898
Roberts,ANADARKO,968,87.8672137,3623.364384,24250.17315
Robertson,GULF COAST CENTRAL,1018,151.219389,4483.205479,33730.19366
Roger Mills,ANADARKO,2255,179.8495233,4708.906849,38193.47654
Rogers,OZARK UPLIFT,370,0.884679452,39.51506849,22388.4074
Rooks,SALINA,1483,0,3671.630137,0
Roosevelt,NORTHWEST SHELF,376,15.47113699,9868.161644,1567.783093
Roscommon,MICHIGAN,53,0.093347945,48.01917808,1943.972157
Rosebud,POWDER RIVER,54,0.009186301,265.5835616,34.58911882
Routt,NORTH PARK,21,0.140493151,116.1041096,1210.061825
Runnels,FORT WORTH,329,1.319515068,750.7945205,1757.491607
Rush,SALINA,234,0.962457534,345.0164384,2789.599066
Rusk,EAST TEXAS,4117,260.1678082,4889.282192,53211.86179
Russell,SALINA,2370,22.94557808,3473.827397,6605.272933
Sabine,ARKLA,497,614.2612795,177.9972603,3450959.181
Sacramento,SACRAMENTO,4,0.428857534,0,999999
Saginaw,MICHIGAN,6,0,17.33424658,0
Saline,ANADARKO,94,0,138.339726,0
San Augustine,EAST TEXAS,404,590.7160685,104.709589,5641470.604
San Benito,CA COAST,16,0.04450411,31.7890411,1399.982763
San Bernardino,OTHER - CALIFORNIA,19,0.090410959,20.08219178,4502.046385
San Jacinto,GULF COAST CENTRAL,60,6.094827397,336.4931507,18112.78293
San Joaquin,SACRAMENTO,108,73.58232877,0,999999
San Juan,SAN JUAN,14454,874.3005123,22526.30137,38812.43077
San Luis Obispo,CA COAST,173,1.270975342,1391.663014,913.2780924
San Mateo,CA COAST,2,0,0.131506849,0
San Miguel,PARADOX,38,2.558191781,0.630136986,4059739.13
San Patricio,GULF COAST WEST,164,10.22160822,992.969863,10293.97628
Sandoval,SAN JUAN,366,29.5187589,6709.791781,4399.35543
Sandusky,CINCINNATI ARCH,31,0.067816438,12.51506849,5418.782837
Sanpete,OTHER - UTAH,2,1.760252055,195.8082192,8989.673989
Santa Barbara,CA COAST,815,20.36319726,6564.369863,3102.079512
Santa Clara,CA COAST,11,0.045183562,47.21369863,957.0011025
Santa Rosa,GULF COAST EAST,36,29.22220274,1796.441096,16266.71913
Schleicher,MIDLAND,1046,15.90025753,681.4493151,23333.00098
Scott,ANADARKO,1021,7.951230137,1440.523288,5519.681775
Scotts Bluff,DENVER-JULESBURG,4,0,20.14520548,0
Scurry,EASTERN SHELF,2443,111.9210575,39044.10411,2866.529021
Sebastian,ARKOMA,956,43.87376164,3.115068493,14084365
Sedgwick,ANADARKO,119,0.110010959,258.3780822,425.7751198
Seminole,CHEROKEE PLATFORM,1275,24.7150274,3749.936986,6590.784722
Seneca,APPALACHIAN,228,1.463975342,3.369863014,434431.7073
Sequoyah,ARKOMA,116,2.159890411,0,999999
Sevier,OTHER - UTAH,31,0,3186.8,0
Seward,ANADARKO,1028,20.26094795,665.5479452,30442.50695
Shackelford,FORT WORTH,1187,2.56620274,787.109589,3260.286465
Shelby,EAST TEXAS,832,202.4174877,108.7068493,1862049.07
Sheridan,SALINA,489,2.430717808,1843.849315,1318.284411
Sherman,ANADARKO,1046,35.57232055,318.139726,111813.5135
Shiawassee,MICHIGAN,2,0,3.673972603,0
Simpson,GULF COAST EAST,22,0.306506849,246.3917808,1243.981631
Sioux,OTHER - NEBRASKA,1,0,0.939726027,0
Slope,WILLISTON,17,0.16939726,734.7890411,230.5386319
Smith,EAST TEXAS,900,57.7284137,6131.306849,9415.352243
Solano,SACRAMENTO,57,29.09045753,2.361643836,12317885.15
Somerset,APPALACHIAN,35,6.546986301,0,999999
Somervell,FORT WORTH,72,9.885610959,9.671232877,1022166.572
St. Bernard,GULF COAST EAST,1,0.151238356,0,999999
St. Charles,GULF COAST EAST,50,8.032027397,834.4356164,9625.70058
St. Clair,MICHIGAN,1,0.089178082,0,999999
St. Helena,GULF COAST EAST,13,0.184619178,320.2684932,576.4512652
St. James,GULF COAST EAST,2,0.026767123,25.50684932,1049.409237
St. John the Baptist,GULF COAST EAST,3,0.066791781,46.70958904,1429.93724
St. Landry,GULF COAST EAST,72,0.880816438,600.6082192,1466.540767
St. Martin,GULF COAST EAST,77,51.27720274,3829.364384,13390.52584
St. Mary,GULF COAST EAST,76,13.81892877,2256.791781,6123.262626
Stafford,SALINA,1006,0.302375342,2386.30411,126.7128281
Stanton,ANADARKO,866,24.11572055,496.1808219,48602.68572
Stark,WILLISTON,2954,24.07855068,7082.657534,3399.649153
Starr,GULF COAST WEST,915,73.07826575,1472.80274,49618.50205
Stephens,FORT WORTH,5832,375.930789,25608.67397,14679.82253
Sterling,MIDLAND,1731,17.54819452,1541.345205,11384.98661
Steuben,APPALACHIAN,185,5.107646575,16.71780822,305521.3045
Stevens,ANADARKO,2109,67.10701644,564.0794521,118967.3125
Stillwater,OTHER - MONTANA,9,0.056353425,49.88493151,1129.668278
Stonewall,EASTERN SHELF,573,7.073484932,3988.468493,1773.483969
Sublette,GREEN RIVER - OVERTHRUST,7132,2332.576901,13170.52877,177105.79
Sullivan,APPALACHIAN,146,438.2102301,0,999999
Summers,APPALACHIAN,3,0.017849315,0,999999
Summit,GREEN RIVER - OVERTHRUST,741,6.883561644,680.4356164,10116.40408
Sumner,ANADARKO,460,1.692041096,815.569863,2074.673394
Susquehanna,APPALACHIAN,1751,4570.390175,0,999999
Sutter,SACRAMENTO,195,7.406452055,0,999999
Sutton,MIDLAND,5101,52.30983288,92.83835616,563450.6581
Sweet Grass,OTHER - MONTANA,1,0.014180822,0,999999
Sweetwater,GREEN RIVER - OVERTHRUST,3879,520.4006877,12543.29315,41488.36206
Tangipahoa,GULF COAST EAST,12,0.166317808,317.8219178,523.30503
Tarrant,FORT WORTH,3659,981.4187918,15.94246575,61560037.64
Taylor,FORT WORTH,876,74.12616986,929.4109589,79756.0747
Tazewell,APPALACHIAN,778,44.81547123,0,999999
Tehama,SACRAMENTO,81,1.603090411,0,999999
Tensas,ARKLA,29,0.550736986,312.339726,1763.262693
Terrebonne,GULF COAST EAST,87,17.1998,2420.216438,7106.719766
Terrell,MIDLAND,579,37.41644384,233.4849315,160252.0711
Terry,MIDLAND,789,0.983479452,6938.665753,141.7389866
Teton,MONTANA THRUST BELT,90,0.009506849,113.339726,83.87923324
Texas,ANADARKO,2208,71.20565205,3704.572603,19221.01675
Thomas,SALINA,158,0,1562.183562,0
Throckmorton,FORT WORTH,830,5.659224658,1643.136986,3444.158767
Tillman,HOLLIS-HARDEMAN,57,0,317.8986301,0
Tioga,APPALACHIAN,752,957.669474,0,999999
Titus,EAST TEXAS,202,0.003194521,896.1342466,3.564779005
Todd,OTHER - KENTUCKY,6,0.02009589,2.745205479,7320.359281
Tom Green,EASTERN SHELF,608,6.240254795,1009.147945,6183.686767
Toole,OTHER - MONTANA,1419,4.762890411,459.5041096,10365.2836
Travis,FORT WORTH,21,0,11.55342466,0
Trego,ANADARKO,570,0,1733.515068,0
Trinity,GULF COAST CENTRAL,25,0.204663014,42.25479452,4843.545354
Trumbull,APPALACHIAN,1993,14.5426274,187.4465753,77582.78523
Tucker,APPALACHIAN,11,0.328049315,0,999999
Tulare,SAN JOAQUIN,70,0,75.19726027,0
Tulsa,CHEROKEE PLATFORM,575,0.285364384,482.2684932,591.7126821
Tuscaloosa,BLACK WARRIOR,3835,89.46014247,0.008219178,10884317333
Tuscarawas,APPALACHIAN,2439,10.3455726,379.6876712,27247.58634
Tuscola,MICHIGAN,43,0,48.09589041,0
Tyler,GULF COAST CENTRAL,1256,1434.68643,10386.47397,138130.2677
Uinta,GREEN RIVER - OVERTHRUST,476,50.63799178,867.0465753,58402.85081
Uintah,UINTA,6552,412.7667205,26827.94795,15385.69858
Union,OTHER - NEW MEXICO,4388,103.0313644,2026.290411,50847.28419
Upshur,EAST TEXAS,2671,89.51718356,664.5561644,134702.2093
Upton,MIDLAND,6116,728.589526,209949.4082,3470.309977
Val Verde,VAL VERDE,209,7.607709589,1.320547945,5761024.896
Valley,OTHER - MONTANA,164,2.052742466,96.70410959,21227.04479
Van Buren,ARKOMA,1436,301.9884027,0,999999
Van Zandt,EAST TEXAS,279,5.156512329,1148.10411,4491.328169
Venango,APPALACHIAN,2025,10.82407123,125.8082192,86036.28049
Ventura,CA COAST,1141,11.03581918,11260.83014,980.0182619
Vermilion,GULF COAST EAST,121,53.61063836,3245.479452,16518.55732
Vernon,CHEROKEE PLATFORM,28,1.991216438,306.969863,6486.683803
Victoria,GULF COAST WEST,285,8.609276712,3487.846575,2468.364513
Vinton,APPALACHIAN,109,0.227386301,36.10136986,6298.550505
Wabaunsee,CHEROKEE PLATFORM,26,0,67.24383562,0
Wagoner,CHEROKEE PLATFORM,72,0.007145205,21.26027397,336.0824742
Walker,GULF COAST CENTRAL,240,8.518717808,289.169863,29459.21722
Wallace,ANADARKO,32,0,264.2986301,0
Waller,GULF COAST CENTRAL,199,2.542542466,366.0684932,6945.537552
Walthall,GULF COAST EAST,8,0.627356164,4.082191781,153681.2081
Ward,CENTRAL BASIN PLATFORM,3589,411.4385644,145572.3233,2826.351569
Warren,GULF COAST EAST,7876,7.769482192,885.4164384,8774.946856
Washakie,BIG HORN,255,3.202172603,990.2328767,3233.757107
Washington,GULF COAST CENTRAL,7263,3387.036296,19158.96164,176786.0054
Washita,ANADARKO,876,117.1004082,1938.953425,60393.61582
Washtenaw,MICHIGAN,29,0,446.8493151,0
Wayne,MICHIGAN,2701,22.82933973,6883.624658,3316.470735
Webb,GULF COAST WEST,6100,2199.501896,38507.46849,57118.83907
Webster,ARKLA,909,54.01197534,1390.454795,38844.82657
Weld,DENVER-JULESBURG,12411,2846.974753,443416.4822,6420.543367
West Baton Rouge,GULF COAST EAST,19,1.731794521,281.8109589,6145.234831
West Feliciana,GULF COAST EAST,3,0.031106849,31.69863014,981.3310285
Westmoreland,APPALACHIAN,4643,196.2080767,23.62465753,8305224.168
Weston,POWDER RIVER,814,3.073712329,1312.030137,2342.71473
Wetzel,APPALACHIAN,1104,538.7527918,1730.041096,311410.4012
Wharton,GULF COAST CENTRAL,443,22.83094795,1932.463014,11814.42945
Wheeler,HOLLIS-HARDEMAN,1890,228.7908685,7192.430137,31809.95354
White,ARKOMA,1259,257.9412767,0,999999
Whitley,APPALACHIAN,498,2.580772603,32.64109589,79065.13346
Wibaux,WILLISTON,87,0.716939726,828.369863,865.482628
Wichita,FORT WORTH,4279,0.87450137,3696.079452,236.6024273
Wilbarger,HOLLIS-HARDEMAN,853,0.26450137,1542.369863,171.4902347
Wilkinson,GULF COAST EAST,73,0.583320548,795.090411,733.653104
Willacy,GULF COAST WEST,113,6.930512329,508.5863014,13627.01337
Williams,WILLISTON,3067,514.6737644,210508.1863,2444.910924
Williamson,FORT WORTH,46,0,22.00547945,0
Wilson,GULF COAST WEST,2435,14.30514247,6078.830137,2353.272282
Winkler,CENTRAL BASIN PLATFORM,2198,152.130011,65136.07671,2335.572215
Winn,ARKLA,936,0,590.5369863,0
Wirt,APPALACHIAN,386,0.888158904,32.68767123,27171.06697
Wise,FORT WORTH,5044,500.5986712,1372.158904,364825.5823
Wolfe,APPALACHIAN,266,0.02449863,125.6931507,194.9082349
Wood,EAST TEXAS,1092,148.0341973,9374.279452,15791.52809
Woods,ANADARKO,1660,128.4633808,9125.8,14076.94458
Woodson,CHEROKEE PLATFORM,3379,0.001641096,1114.057534,1.473080016
Woodward,ANADARKO,1063,46.7366411,1105.191781,42288.26336
Wyandot,CINCINNATI ARCH,3,0,3.391780822,0
Wyoming,APPALACHIAN,2271,949.6701973,0.964383562,984743244.3
Yates,APPALACHIAN,13,0.019186301,0,999999
Yazoo,GULF COAST EAST,140,2.491561644,5211.457534,478.0930531
Yell,ARKOMA,180,7.037408219,0,999999
Yellowstone,OTHER - MONTANA,12,0.00030137,18.36164384,16.41301104
Yoakum,CENTRAL BASIN PLATFORM,3828,101.2254466,59799.3726,1692.75098
Yolo,SACRAMENTO,12,0.048010959,0,999999
Young,FORT WORTH,2000,5.544038356,2162.432877,2563.796738
Yuba,SACRAMENTO,1,0.000556164,0,999999
Yuma,DENVER-JULESBURG,3349,40.89723014,0,999999
Zapata,GULF COAST WEST,2628,179.3506027,243.5369863,736440.922
Zavala,GULF COAST WEST,,,,
